Workbook

Sheet ข้อมูลออเดอร์
A1: ERP No. | B1: Box Qty | C1: Print Label | D1: Order Mark | E1: Courier | F1: Waybill No. | G1: Outbound Status | H1: Priority | I1: Route State | J1: Manual Status | K1: Order type | L1: Create Time | M1: Closed Time | N1: Interface Status | O1: Shop Name | P1: Warehouse Code | Q1: Owner Code | R1: Remarks | S1: Release status | T1: Virtual WH | U1: Virtual Owner | V1: Shop Group Name | W1: File | X1: Video | Y1: Error Status | Z1: Upstream Cancel | AA1: Cancel Time | AB1: ETA | AC1: Payment Time | AD1: Platform No. | AE1: WMS No. | AF1: Wave No. | AG1: Position No. | AH1: Order Source | AI1: Rel Order No. | AJ1: Rel Order Type | AK1: Intfc Fail Reason | AL1: Customer name | AM1: Recipient Country Code | AN1: Consignee Co. | AO1: Receipt Province | AP1: Receipt City | AQ1: Receipt Area | AR1: จังหวัด | AS1: เขต/อำเภอ | AT1: รหัสไปรษณีย์ | AU1: Receive Town | AV1: Consignee Addr | AW1: Receive Name | AX1: Receiver Mobile Number | AY1: Receiver Email | AZ1: Receiver Zipcode | BA1: Shipper Country Code | BB1: Shipper Co | BC1: Shipper Prov | BD1: Shipper City | BE1: Shipper Area | BF1: Shipper Town | BG1: Shipper Address | BH1: Shipper Name | BI1: Shipper Mobile | BJ1: Shipper Email | BK1: Shipper Zip | BL1: Create by | BM1: Pick Time | BN1: Picker | BO1: Check Time | BP1: Recheck by | BQ1: Ship Time | BR1: Shipper | BS1: Buyer Shortname | BT1: Buyer message | BU1: Seller Nick Name | BV1: Comment by seller | BW1: Goods-gather Code | BX1: Custom 1 | BY1: Custom 2 | BZ1: Custom 3 | CA1: Custom 4 | CB1: Expected Orders | CC1: SKU Qty | CD1: Exp. Net Wt. | CE1: Box Qty.1 | CF1: Ship Wt | CG1: Package Weight | CH1: Package Volume | CI1: Order Volume | CJ1: Shipping volume | CK1: Pallet Qty | CL1: Transit Time | CM1: Trace Info | CN1: Shipped Qty | CO1: Exp. Gross Wt. | CP1: Order Mark.1 | CQ1: Error | CR1: Receivable Amount | CS1: Op Status | CT1: Line No. | CU1: Product name | CV1: Product Code | CW1: Product Barcode | CX1: UOM | CY1: UOM.1 | CZ1: Unit Qty | DA1: Expect Qty | DB1: Available Split Qty | DC1: Unalloc Qty | DD1: Allocated Qty | DE1: Pick Qty | DF1: Check Qty | DG1: Shipped Qty.1 | DH1: Adjusted | DI1: Location | DJ1: LPN No. | DK1: Item No. | DL1: Price | DM1: size | DN1: Color | DO1: Style | DP1: Specification | DQ1: From No. | DR1: Line UDF 1 | DS1: Line UDF 2 | DT1: Line UDF 3 | DU1: Line UDF 4 | DV1: Line UDF 5 | DW1: Line UDF 6 | DX1: Line UDF 7 | DY1: Line UDF 8 | DZ1: Inbound Date | EA1: Production Date | EB1: Expiry Date | EC1: Quality Status | ED1: Batch No. | EE1: Virtual WH.1 | EF1: BOM版本 | EG1: Shelf life | EH1: Halal | EI1: Product Barcode 1 | EJ1: Product Barcode 2 | EK1: Product Barcode 3 | EL1: Product Barcode 4 | EM1: Product Barcode 5 | EN1: express_company_name
A2: KOO26092200116 | C2: 00000000000000000000 | E2: OTHER | G2: stockout_allocated | H2: 3 | J2: order_allocate | K2: KOL订单 | L2: 2026-09-22 08:01:14 | N2: 00000000000000000000 | O2: KOL | P2: TH01 | Q2: B2C | S2: unnecessary | T2: TH01 | W2: N | X2: N | Y2: intercept_action_nostart | Z2: uncancelled | AE2: CK01967003024260922000663 | AH2: OTHER | AO2: จังหวัดกรุงเทพมหานคร | AP2: เขตห้วยขวาง | AQ2: ห้วยขวาง | AR2: กรุงเทพมหานคร/ Bangkok | AS2: ห้วยขวาง/ Huai Khwang | AT2: 10310 | AV2: คอนโด ไลฟ์ รัชดาภิเษก ห้อง806 เลขที่ 279 ถ. รัชดาภิเษก แขวงห้วยขวาง เขตห้วยขวาง กรุงเทพมหานคร 10310 0909157151 | AW2: Foofoam | AX2: 0909157151 | AZ2: 10310 | BL2: openapi | BV2: Express delivery | CB2: 2 | CC2: 2 | CS2: ACCEPT | CT2: 000001 | CU2: ULTRA COVER WEIGHTLESS COLOR CORRECTOR PINK BLOSSOM | CV2: SKINTIFIC-492003 | CW2: 4897147696014 | CX2: 件 | CY2: 件 | CZ2: 1 | DA2: 1 | DD2: 1 | EC2: ZP | EE2: TH01 | EN2: OTHER
A3: KOO26092200116 | C3: 00000000000000000000 | E3: OTHER | G3: stockout_allocated | H3: 3 | J3: order_allocate | K3: KOL订单 | L3: 2026-09-22 08:01:14 | N3: 00000000000000000000 | O3: KOL | P3: TH01 | Q3: B2C | S3: unnecessary | T3: TH01 | W3: N | X3: N | Y3: intercept_action_nostart | Z3: uncancelled | AE3: CK01967003024260922000663 | AH3: OTHER | AO3: จังหวัดกรุงเทพมหานคร | AP3: เขตห้วยขวาง | AQ3: ห้วยขวาง | AR3: กรุงเทพมหานคร/ Bangkok | AS3: ห้วยขวาง/ Huai Khwang | AT3: 10310 | AV3: คอนโด ไลฟ์ รัชดาภิเษก ห้อง806 เลขที่ 279 ถ. รัชดาภิเษก แขวงห้วยขวาง เขตห้วยขวาง กรุงเทพมหานคร 10310 0909157151 | AW3: Foofoam | AX3: 0909157151 | AZ3: 10310 | BL3: openapi | BV3: Express delivery | CB3: 2 | CC3: 2 | CS3: ACCEPT | CT3: 000002 | CU3: ULTRA COVER WEIGHTLESS COLOR CORRECTOR SKY BLUE | CV3: SKINTIFIC-492001 | CW3: 4897147695994 | CX3: 件 | CY3: 件 | CZ3: 1 | DA3: 1 | DD3: 1 | EC3: ZP | EE3: TH01 | EN3: OTHER
A4: KOO26092200117 | C4: 00000000000000000000 | E4: OTHER | G4: stockout_allocated | H4: 3 | J4: order_allocate | K4: KOL订单 | L4: 2026-09-22 08:01:15 | N4: 00000000000000000000 | O4: KOL | P4: TH01 | Q4: B2C | S4: unnecessary | T4: TH01 | W4: N | X4: N | Y4: intercept_action_nostart | Z4: uncancelled | AE4: CK01967003024260922000664 | AH4: OTHER | AO4: ตราด | AP4: บ่อไร่ | AQ4: บ่อพลอย | AR4: ตราด/ Trat | AS4: บ่อไร่/ Bo Rai | AT4: 23140 | AV4: 252/4 ม. 3 | AW4: สุภาภรณ์ สุภาพงษ์ | AX4: 0654964564 | AZ4: 23140 | BL4: openapi | BV4: Express delivery | CB4: 2 | CC4: 2 | CS4: ACCEPT | CT4: 000001 | CU4: ULTRA COVER WEIGHTLESS COLOR CORRECTOR PINK BLOSSOM | CV4: SKINTIFIC-492003 | CW4: 4897147696014 | CX4: 件 | CY4: 件 | CZ4: 1 | DA4: 1 | DD4: 1 | EC4: ZP | EE4: TH01 | EN4: OTHER
A5: KOO26092200117 | C5: 00000000000000000000 | E5: OTHER | G5: stockout_allocated | H5: 3 | J5: order_allocate | K5: KOL订单 | L5: 2026-09-22 08:01:15 | N5: 00000000000000000000 | O5: KOL | P5: TH01 | Q5: B2C | S5: unnecessary | T5: TH01 | W5: N | X5: N | Y5: intercept_action_nostart | Z5: uncancelled | AE5: CK01967003024260922000664 | AH5: OTHER | AO5: ตราด | AP5: บ่อไร่ | AQ5: บ่อพลอย | AR5: ตราด/ Trat | AS5: บ่อไร่/ Bo Rai | AT5: 23140 | AV5: 252/4 ม. 3 | AW5: สุภาภรณ์ สุภาพงษ์ | AX5: 0654964564 | AZ5: 23140 | BL5: openapi | BV5: Express delivery | CB5: 2 | CC5: 2 | CS5: ACCEPT | CT5: 000002 | CU5: ULTRA COVER WEIGHTLESS COLOR CORRECTOR SKY BLUE | CV5: SKINTIFIC-492001 | CW5: 4897147695994 | CX5: 件 | CY5: 件 | CZ5: 1 | DA5: 1 | DD5: 1 | EC5: ZP | EE5: TH01 | EN5: OTHER
A6: KOO26092200118 | C6: 00000000000000000000 | E6: OTHER | G6: stockout_allocated | H6: 3 | J6: order_allocate | K6: KOL订单 | L6: 2026-09-22 08:01:16 | N6: 00000000000000000000 | O6: KOL | P6: TH01 | Q6: B2C | S6: unnecessary | T6: TH01 | W6: N | X6: N | Y6: intercept_action_nostart | Z6: uncancelled | AE6: CK01967003024260922000665 | AH6: OTHER | AO6: ชลบุรี | AP6: อ.บางละมุง | AQ6: ต.นาเกลือ | AR6: ชลบุรี/ Chonburi | AS6: บางละมุง/ Bang Lamung | AT6: 20150 | AV6: Condo Natureza ตึกD ห้อง415/188 ม.4 ต.นาเกลือ อ.บางละมุง จ.ชลบุรี 20150 | AW6: กานต์กวิน | AX6: 0929649639 | AZ6: 20150 | BL6: openapi | BV6: Express delivery | CB6: 2 | CC6: 2 | CS6: ACCEPT | CT6: 000001 | CU6: ULTRA COVER WEIGHTLESS COLOR CORRECTOR PINK BLOSSOM | CV6: SKINTIFIC-492003 | CW6: 4897147696014 | CX6: 件 | CY6: 件 | CZ6: 1 | DA6: 1 | DD6: 1 | EC6: ZP | EE6: TH01 | EN6: OTHER
A7: KOO26092200118 | C7: 00000000000000000000 | E7: OTHER | G7: stockout_allocated | H7: 3 | J7: order_allocate | K7: KOL订单 | L7: 2026-09-22 08:01:16 | N7: 00000000000000000000 | O7: KOL | P7: TH01 | Q7: B2C | S7: unnecessary | T7: TH01 | W7: N | X7: N | Y7: intercept_action_nostart | Z7: uncancelled | AE7: CK01967003024260922000665 | AH7: OTHER | AO7: ชลบุรี | AP7: อ.บางละมุง | AQ7: ต.นาเกลือ | AR7: ชลบุรี/ Chonburi | AS7: บางละมุง/ Bang Lamung | AT7: 20150 | AV7: Condo Natureza ตึกD ห้อง415/188 ม.4 ต.นาเกลือ อ.บางละมุง จ.ชลบุรี 20150 | AW7: กานต์กวิน | AX7: 0929649639 | AZ7: 20150 | BL7: openapi | BV7: Express delivery | CB7: 2 | CC7: 2 | CS7: ACCEPT | CT7: 000002 | CU7: ULTRA COVER WEIGHTLESS COLOR CORRECTOR SKY BLUE | CV7: SKINTIFIC-492001 | CW7: 4897147695994 | CX7: 件 | CY7: 件 | CZ7: 1 | DA7: 1 | DD7: 1 | EC7: ZP | EE7: TH01 | EN7: OTHER
A8: KOO26092200119 | C8: 00000000000000000000 | E8: OTHER | G8: stockout_allocated | H8: 3 | J8: order_allocate | K8: KOL订单 | L8: 2026-09-22 08:01:17 | N8: 00000000000000000000 | O8: KOL | P8: TH01 | Q8: B2C | S8: unnecessary | T8: TH01 | W8: N | X8: N | Y8: intercept_action_nostart | Z8: uncancelled | AE8: CK01967003024260922000666 | AH8: OTHER | AO8: จังหวัดกรุงเทพมหานคร | AP8: เขตคลองเตย | AQ8: คลองเตย | AR8: กรุงเทพมหานคร/ Bangkok | AS8: คลองเตย/ Khlong Toei | AT8: 10110 | AV8: เลขที่ 88 อาคารเดอะ ปาร์ค ห้องเลขที่ 5E02-5E09 ชั้นที่ 5 ฝั่ง East Wing ถนนรัชดาภิเษก แขวงคลองเตย เขตคลองเตย กรุงเทพมหานคร | AW8: Baball CP SKT TT | AX8: 0892234015 | AZ8: 10110 | BL8: openapi | BV8: Lalamove | CB8: 25 | CC8: 2 | CS8: ACCEPT | CT8: 000001 | CU8: ULTRA COVER WEIGHTLESS COLOR CORRECTOR SKY BLUE | CV8: SKINTIFIC-492001 | CW8: 4897147695994 | CX8: 件 | CY8: 件 | CZ8: 12 | DA8: 12 | DD8: 12 | EC8: ZP | EE8: TH01 | EN8: OTHER
A9: KOO26092200119 | C9: 00000000000000000000 | E9: OTHER | G9: stockout_allocated | H9: 3 | J9: order_allocate | K9: KOL订单 | L9: 2026-09-22 08:01:17 | N9: 00000000000000000000 | O9: KOL | P9: TH01 | Q9: B2C | S9: unnecessary | T9: TH01 | W9: N | X9: N | Y9: intercept_action_nostart | Z9: uncancelled | AE9: CK01967003024260922000666 | AH9: OTHER | AO9: จังหวัดกรุงเทพมหานคร | AP9: เขตคลองเตย | AQ9: คลองเตย | AR9: กรุงเทพมหานคร/ Bangkok | AS9: คลองเตย/ Khlong Toei | AT9: 10110 | AV9: เลขที่ 88 อาคารเดอะ ปาร์ค ห้องเลขที่ 5E02-5E09 ชั้นที่ 5 ฝั่ง East Wing ถนนรัชดาภิเษก แขวงคลองเตย เขตคลองเตย กรุงเทพมหานคร | AW9: Baball CP SKT TT | AX9: 0892234015 | AZ9: 10110 | BL9: openapi | BV9: Lalamove | CB9: 25 | CC9: 2 | CS9: ACCEPT | CT9: 000002 | CU9: ULTRA COVER WEIGHTLESS COLOR CORRECTOR PINK BLOSSOM | CV9: SKINTIFIC-492003 | CW9: 4897147696014 | CX9: 件 | CY9: 件 | CZ9: 13 | DA9: 13 | DD9: 13 | EC9: ZP | EE9: TH01 | EN9: OTHER
A10: KOO26092200120 | C10: 00000000000000000000 | E10: OTHER | G10: stockout_allocated | H10: 3 | J10: order_allocate | K10: KOL订单 | L10: 2026-09-22 08:01:17 | N10: 00000000000000000000 | O10: KOL | P10: TH01 | Q10: B2C | S10: unnecessary | T10: TH01 | W10: N | X10: N | Y10: intercept_action_nostart | Z10: uncancelled | AE10: CK01967003024260922000667 | AH10: OTHER | AO10: จังหวัดกรุงเทพมหานคร | AP10: เขตคันนายาว | AQ10: คันนายาว | AR10: กรุงเทพมหานคร/ Bangkok | AS10: คันนายาว/ Khan Na Yao | AT10: 10230 | AV10: 98/26 Blossom Condo Fashion ตึก Altitude ถ.รัชดา-รามอินทรา | AW10: ธนพร ภัครังสิสกุล | AX10: 0918851584 | AZ10: 10230 | BL10: openapi | BV10: Express delivery | CB10: 2 | CC10: 2 | CS10: ACCEPT | CT10: 000001 | CU10: ULTRA COVER WEIGHTLESS COLOR CORRECTOR SKY BLUE | CV10: SKINTIFIC-492001 | CW10: 4897147695994 | CX10: 件 | CY10: 件 | CZ10: 1 | DA10: 1 | DD10: 1 | EC10: ZP | EE10: TH01 | EN10: OTHER
A11: KOO26092200120 | C11: 00000000000000000000 | E11: OTHER | G11: stockout_allocated | H11: 3 | J11: order_allocate | K11: KOL订单 | L11: 2026-09-22 08:01:17 | N11: 00000000000000000000 | O11: KOL | P11: TH01 | Q11: B2C | S11: unnecessary | T11: TH01 | W11: N | X11: N | Y11: intercept_action_nostart | Z11: uncancelled | AE11: CK01967003024260922000667 | AH11: OTHER | AO11: จังหวัดกรุงเทพมหานคร | AP11: เขตคันนายาว | AQ11: คันนายาว | AR11: กรุงเทพมหานคร/ Bangkok | AS11: คันนายาว/ Khan Na Yao | AT11: 10230 | AV11: 98/26 Blossom Condo Fashion ตึก Altitude ถ.รัชดา-รามอินทรา | AW11: ธนพร ภัครังสิสกุล | AX11: 0918851584 | AZ11: 10230 | BL11: openapi | BV11: Express delivery | CB11: 2 | CC11: 2 | CS11: ACCEPT | CT11: 000002 | CU11: ULTRA COVER WEIGHTLESS COLOR CORRECTOR PINK BLOSSOM | CV11: SKINTIFIC-492003 | CW11: 4897147696014 | CX11: 件 | CY11: 件 | CZ11: 1 | DA11: 1 | DD11: 1 | EC11: ZP | EE11: TH01 | EN11: OTHER
A12: KOO26092200121 | C12: 00000000000000000000 | E12: OTHER | G12: stockout_allocated | H12: 3 | J12: order_allocate | K12: KOL订单 | L12: 2026-09-22 08:01:18 | N12: 00000000000000000000 | O12: KOL | P12: TH01 | Q12: B2C | S12: unnecessary | T12: TH01 | W12: N | X12: N | Y12: intercept_action_nostart | Z12: uncancelled | AE12: CK01967003024260922000668 | AH12: OTHER | AO12: จังหวัดกรุงเทพมหานคร | AP12: เขตจตุจักร | AQ12: ลาดยาว | AR12: กรุงเทพมหานคร/ Bangkok | AS12: จตุจักร/ Chatuchak | AT12: 10900 | AV12: Fluke Kunyada 252/125 Vantage condominium ratchada road Ladyao Chatuchak BKK 10900 Thailand | AW12: Fluke Kunyada | AX12: 0870122635 | AZ12: 10900 | BL12: openapi | BV12: Express delivery | CB12: 2 | CC12: 1 | CO12: 2 | CS12: ACCEPT | CT12: 000001 | CU12: PDRN面霜 | CV12: SKINTIFIC-351 | CW12: 4897147691323 | CX12: 件 | CY12: 件 | CZ12: 2 | DA12: 2 | DD12: 2 | EC12: ZP | EE12: TH01 | EN12: OTHER
A13: KOO26092200122 | C13: 00000000000000000000 | E13: OTHER | G13: stockout_allocated | H13: 3 | J13: order_allocate | K13: KOL订单 | L13: 2026-09-22 08:01:19 | N13: 00000000000000000000 | O13: KOL | P13: TH01 | Q13: B2C | R13: ณัฏฐธิดา รื่นนุสานห้อง509 เลขที่บ้าน Sanaar Living 31 ซอยพหลโยธิน 87 ซอย 6 ตำบลประชาธิปัตย์ อำเภอธัญบุรี จังหวัดปทุมธานี 12130โทร0988287633ค่ะ | S13: unnecessary | T13: TH01 | W13: N | X13: N | Y13: intercept_action_nostart | Z13: uncancelled | AE13: CK01967003024260922000669 | AH13: OTHER | AO13: จังหวัดปทุมธานี | AP13: อำเภอธัญบุรี | AQ13: ประชาธิปัตย์ | AR13: ปทุมธานี/ Pathum Thani | AS13: ธัญบุรี/ Thanyaburi | AT13: 12130 | AV13: ณัฏฐธิดา รื่นนุสานห้อง509 เลขที่บ้าน Sanaar Living 31 ซอยพหลโยธิน 87 ซอย 6 ตำบลประชาธิปัตย์ อำเภอธัญบุรี จังหวัดปทุมธานี 12130 โทร0988287633ค่ะ | AW13: ณัฏฐธิดา รื่นนุสาน | AX13: 0988287633 | AZ13: 12130 | BL13: openapi | BV13: Express delivery | CB13: 1 | CC13: 1 | CO13: 167 | CS13: ACCEPT | CT13: 000001 | CU13: Radiance Booster Serum Spray | CV13: SKINTIFIC-170 | CW13: 810114872833 | CX13: 件 | CY13: 件 | CZ13: 1 | DA13: 1 | DD13: 1 | EC13: ZP | EE13: TH01 | EI13: S-170 | EN13: OTHER
A14: KOO26092200123 | C14: 00000000000000000000 | E14: OTHER | G14: stockout_allocated | H14: 3 | J14: order_allocate | K14: KOL订单 | L14: 2026-09-22 08:01:19 | N14: 00000000000000000000 | O14: KOL | P14: TH01 | Q14: B2C | S14: unnecessary | T14: TH01 | W14: N | X14: N | Y14: intercept_action_nostart | Z14: uncancelled | AE14: CK01967003024260922000670 | AH14: OTHER | AO14: จังหวัดนนทบุรี | AP14: อำเภอบางใหญ่ | AQ14: บางม่วง | AR14: นนทบุรี/ Nonthaburi | AS14: บางใหญ่/ Bang Yai | AT14: 11140 | AV14: 56/14 ม.14 มบ.เนเจอร์โฮม ซอยวัดสังวร ต.บางม่วง อ.บางใหญ่ จ.นนทบุรี 11140 | AW14: น.ส.ภาณิชญา ทันตาหะ | AX14: 0648141444 | AZ14: 11140 | BL14: openapi | BV14: Express delivery | CB14: 1 | CC14: 1 | CO14: 1.2 | CS14: ACCEPT | CT14: 000001 | CU14: Niacinamide Brightening Daily Mask | CV14: SKINTIFIC-31001 | CW14: 4897147691262 | CX14: 件 | CY14: 件 | CZ14: 1 | DA14: 1 | DD14: 1 | EC14: ZP | EE14: TH01 | EN14: OTHER
A15: KOO26092200124 | C15: 00000000000000000000 | E15: OTHER | G15: stockout_allocated | H15: 3 | J15: order_allocate | K15: KOL订单 | L15: 2026-09-22 08:01:20 | N15: 00000000000000000000 | O15: KOL | P15: TH01 | Q15: B2C | S15: unnecessary | T15: TH01 | W15: N | X15: N | Y15: intercept_action_nostart | Z15: uncancelled | AE15: CK01967003024260922000671 | AH15: OTHER | AO15: จังหวัดยะลา | AP15: อำเภอกรงปินัง | AQ15: กรงปินัง | AR15: ยะลา/ Yala | AS15: กรงปินัง/ Krong Pinang | AT15: 95000 | AV15: 23 หมู่5 | AW15: อัสมะห์ ยือล๊ะ | AX15: 0937437050 | AZ15: 95000 | BL15: openapi | BV15: Express delivery | CB15: 21 | CC15: 21 | CO15: 805.43 | CS15: ACCEPT | CT15: 000001 | CU15: SKINTIFIC PERFECT STAY VELVET MATTE CUSHION 02W Warm Ivory | CV15: SKINTIFIC-1342W | CW15: 810114872284 | CX15: 件 | CY15: 件 | CZ15: 1 | DA15: 1 | DD15: 1 | EC15: ZP | EE15: TH01 | EI15: S-1342W | EN15: OTHER
A16: KOO26092200124 | C16: 00000000000000000000 | E16: OTHER | G16: stockout_allocated | H16: 3 | J16: order_allocate | K16: KOL订单 | L16: 2026-09-22 08:01:20 | N16: 00000000000000000000 | O16: KOL | P16: TH01 | Q16: B2C | S16: unnecessary | T16: TH01 | W16: N | X16: N | Y16: intercept_action_nostart | Z16: uncancelled | AE16: CK01967003024260922000671 | AH16: OTHER | AO16: จังหวัดยะลา | AP16: อำเภอกรงปินัง | AQ16: กรงปินัง | AR16: ยะลา/ Yala | AS16: กรงปินัง/ Krong Pinang | AT16: 95000 | AV16: 23 หมู่5 | AW16: อัสมะห์ ยือล๊ะ | AX16: 0937437050 | AZ16: 95000 | BL16: openapi | BV16: Express delivery | CB16: 21 | CC16: 21 | CO16: 805.43 | CS16: ACCEPT | CT16: 000002 | CU16: SKINTIFIC PERFECT STAY VELVET MATTE CUSHION 00N Natural Porcelain | CV16: SKINTIFIC-1340N | CW16: 810114872239 | CX16: 件 | CY16: 件 | CZ16: 1 | DA16: 1 | DD16: 1 | EC16: ZP | EE16: TH01 | EI16: S-1340N | EN16: OTHER
A17: KOO26092200124 | C17: 00000000000000000000 | E17: OTHER | G17: stockout_allocated | H17: 3 | J17: order_allocate | K17: KOL订单 | L17: 2026-09-22 08:01:20 | N17: 00000000000000000000 | O17: KOL | P17: TH01 | Q17: B2C | S17: unnecessary | T17: TH01 | W17: N | X17: N | Y17: intercept_action_nostart | Z17: uncancelled | AE17: CK01967003024260922000671 | AH17: OTHER | AO17: จังหวัดยะลา | AP17: อำเภอกรงปินัง | AQ17: กรงปินัง | AR17: ยะลา/ Yala | AS17: กรงปินัง/ Krong Pinang | AT17: 95000 | AV17: 23 หมู่5 | AW17: อัสมะห์ ยือล๊ะ | AX17: 0937437050 | AZ17: 95000 | BL17: openapi | BV17: Express delivery | CB17: 21 | CC17: 21 | CO17: 805.43 | CS17: ACCEPT | CT17: 000003 | CU17: BRIGHTENING LIP SERUM Ruby Pop | CV17: SKINTIFIC-12312 | CW17: 4897147693310 | CX17: 件 | CY17: 件 | CZ17: 1 | DA17: 1 | DD17: 1 | EC17: ZP | EE17: TH01 | EI17: S-12312 | EN17: OTHER
A18: KOO26092200124 | C18: 00000000000000000000 | E18: OTHER | G18: stockout_allocated | H18: 3 | J18: order_allocate | K18: KOL订单 | L18: 2026-09-22 08:01:20 | N18: 00000000000000000000 | O18: KOL | P18: TH01 | Q18: B2C | S18: unnecessary | T18: TH01 | W18: N | X18: N | Y18: intercept_action_nostart | Z18: uncancelled | AE18: CK01967003024260922000671 | AH18: OTHER | AO18: จังหวัดยะลา | AP18: อำเภอกรงปินัง | AQ18: กรงปินัง | AR18: ยะลา/ Yala | AS18: กรงปินัง/ Krong Pinang | AT18: 95000 | AV18: 23 หมู่5 | AW18: อัสมะห์ ยือล๊ะ | AX18: 0937437050 | AZ18: 95000 | BL18: openapi | BV18: Express delivery | CB18: 21 | CC18: 21 | CO18: 805.43 | CS18: ACCEPT | CT18: 000004 | CU18: Radiance Booster Serum Spray | CV18: SKINTIFIC-170 | CW18: 810114872833 | CX18: 件 | CY18: 件 | CZ18: 1 | DA18: 1 | DD18: 1 | EC18: ZP | EE18: TH01 | EI18: S-170 | EN18: OTHER
A19: KOO26092200124 | C19: 00000000000000000000 | E19: OTHER | G19: stockout_allocated | H19: 3 | J19: order_allocate | K19: KOL订单 | L19: 2026-09-22 08:01:20 | N19: 00000000000000000000 | O19: KOL | P19: TH01 | Q19: B2C | S19: unnecessary | T19: TH01 | W19: N | X19: N | Y19: intercept_action_nostart | Z19: uncancelled | AE19: CK01967003024260922000671 | AH19: OTHER | AO19: จังหวัดยะลา | AP19: อำเภอกรงปินัง | AQ19: กรงปินัง | AR19: ยะลา/ Yala | AS19: กรงปินัง/ Krong Pinang | AT19: 95000 | AV19: 23 หมู่5 | AW19: อัสมะห์ ยือล๊ะ | AX19: 0937437050 | AZ19: 95000 | BL19: openapi | BV19: Express delivery | CB19: 21 | CC19: 21 | CO19: 805.43 | CS19: ACCEPT | CT19: 000005 | CU19: Cover Glow Perfect Cushion 02W Warm Ivory | CV19: SKINTIFIC-3262W | CW19: 4897147691293 | CX19: 件 | CY19: 件 | CZ19: 1 | DA19: 1 | DD19: 1 | EC19: ZP | EE19: TH01 | EN19: OTHER
A20: KOO26092200124 | C20: 00000000000000000000 | E20: OTHER | G20: stockout_allocated | H20: 3 | J20: order_allocate | K20: KOL订单 | L20: 2026-09-22 08:01:20 | N20: 00000000000000000000 | O20: KOL | P20: TH01 | Q20: B2C | S20: unnecessary | T20: TH01 | W20: N | X20: N | Y20: intercept_action_nostart | Z20: uncancelled | AE20: CK01967003024260922000671 | AH20: OTHER | AO20: จังหวัดยะลา | AP20: อำเภอกรงปินัง | AQ20: กรงปินัง | AR20: ยะลา/ Yala | AS20: กรงปินัง/ Krong Pinang | AT20: 95000 | AV20: 23 หมู่5 | AW20: อัสมะห์ ยือล๊ะ | AX20: 0937437050 | AZ20: 95000 | BL20: openapi | BV20: Express delivery | CB20: 21 | CC20: 21 | CO20: 805.43 | CS20: ACCEPT | CT20: 000006 | CU20: Cover Glow Perfect Cushion 01W Warm Vanilla | CV20: SKINTIFIC-3261W | CW20: 4897147691286 | CX20: 件 | CY20: 件 | CZ20: 1 | DA20: 1 | DD20: 1 | EC20: ZP | EE20: TH01 | EN20: OTHER
A21: KOO26092200124 | C21: 00000000000000000000 | E21: OTHER | G21: stockout_allocated | H21: 3 | J21: order_allocate | K21: KOL订单 | L21: 2026-09-22 08:01:20 | N21: 00000000000000000000 | O21: KOL | P21: TH01 | Q21: B2C | S21: unnecessary | T21: TH01 | W21: N | X21: N | Y21: intercept_action_nostart | Z21: uncancelled | AE21: CK01967003024260922000671 | AH21: OTHER | AO21: จังหวัดยะลา | AP21: อำเภอกรงปินัง | AQ21: กรงปินัง | AR21: ยะลา/ Yala | AS21: กรงปินัง/ Krong Pinang | AT21: 95000 | AV21: 23 หมู่5 | AW21: อัสมะห์ ยือล๊ะ | AX21: 0937437050 | AZ21: 95000 | BL21: openapi | BV21: Express delivery | CB21: 21 | CC21: 21 | CO21: 805.43 | CS21: ACCEPT | CT21: 000007 | CU21: 粉底棒 01N Natural Vanilla | CV21: SKINTIFIC-32101N | CW21: 4897147694041 | CX21: 件 | CY21: 件 | CZ21: 1 | DA21: 1 | DD21: 1 | EC21: ZP | EE21: TH01 | EN21: OTHER
A22: KOO26092200124 | C22: 00000000000000000000 | E22: OTHER | G22: stockout_allocated | H22: 3 | J22: order_allocate | K22: KOL订单 | L22: 2026-09-22 08:01:20 | N22: 00000000000000000000 | O22: KOL | P22: TH01 | Q22: B2C | S22: unnecessary | T22: TH01 | W22: N | X22: N | Y22: intercept_action_nostart | Z22: uncancelled | AE22: CK01967003024260922000671 | AH22: OTHER | AO22: จังหวัดยะลา | AP22: อำเภอกรงปินัง | AQ22: กรงปินัง | AR22: ยะลา/ Yala | AS22: กรงปินัง/ Krong Pinang | AT22: 95000 | AV22: 23 หมู่5 | AW22: อัสมะห์ ยือล๊ะ | AX22: 0937437050 | AZ22: 95000 | BL22: openapi | BV22: Express delivery | CB22: 21 | CC22: 21 | CO22: 805.43 | CS22: ACCEPT | CT22: 000008 | CU22: 粉底棒 03N Natural Petal | CV22: SKINTIFIC-32103N | CW22: 4897147694065 | CX22: 件 | CY22: 件 | CZ22: 1 | DA22: 1 | DD22: 1 | EC22: ZP | EE22: TH01 | EN22: OTHER
A23: KOO26092200124 | C23: 00000000000000000000 | E23: OTHER | G23: stockout_allocated | H23: 3 | J23: order_allocate | K23: KOL订单 | L23: 2026-09-22 08:01:20 | N23: 00000000000000000000 | O23: KOL | P23: TH01 | Q23: B2C | S23: unnecessary | T23: TH01 | W23: N | X23: N | Y23: intercept_action_nostart | Z23: uncancelled | AE23: CK01967003024260922000671 | AH23: OTHER | AO23: จังหวัดยะลา | AP23: อำเภอกรงปินัง | AQ23: กรงปินัง | AR23: ยะลา/ Yala | AS23: กรงปินัง/ Krong Pinang | AT23: 95000 | AV23: 23 หมู่5 | AW23: อัสมะห์ ยือล๊ะ | AX23: 0937437050 | AZ23: 95000 | BL23: openapi | BV23: Express delivery | CB23: 21 | CC23: 21 | CO23: 805.43 | CS23: ACCEPT | CT23: 000009 | CU23: 粉底棒 02N Natural Ivory | CV23: SKINTIFIC-32102N | CW23: 4897147694058 | CX23: 件 | CY23: 件 | CZ23: 1 | DA23: 1 | DD23: 1 | EC23: ZP | EE23: TH01 | EN23: OTHER
A24: KOO26092200124 | C24: 00000000000000000000 | E24: OTHER | G24: stockout_allocated | H24: 3 | J24: order_allocate | K24: KOL订单 | L24: 2026-09-22 08:01:20 | N24: 00000000000000000000 | O24: KOL | P24: TH01 | Q24: B2C | S24: unnecessary | T24: TH01 | W24: N | X24: N | Y24: intercept_action_nostart | Z24: uncancelled | AE24: CK01967003024260922000671 | AH24: OTHER | AO24: จังหวัดยะลา | AP24: อำเภอกรงปินัง | AQ24: กรงปินัง | AR24: ยะลา/ Yala | AS24: กรงปินัง/ Krong Pinang | AT24: 95000 | AV24: 23 หมู่5 | AW24: อัสมะห์ ยือล๊ะ | AX24: 0937437050 | AZ24: 95000 | BL24: openapi | BV24: Express delivery | CB24: 21 | CC24: 21 | CO24: 805.43 | CS24: ACCEPT | CT24: 000010 | CU24: Niacinamide Brightening Daily Mask | CV24: SKINTIFIC-31001 | CW24: 4897147691262 | CX24: 件 | CY24: 件 | CZ24: 1 | DA24: 1 | DD24: 1 | EC24: ZP | EE24: TH01 | EN24: OTHER
A25: KOO26092200124 | C25: 00000000000000000000 | E25: OTHER | G25: stockout_allocated | H25: 3 | J25: order_allocate | K25: KOL订单 | L25: 2026-09-22 08:01:20 | N25: 00000000000000000000 | O25: KOL | P25: TH01 | Q25: B2C | S25: unnecessary | T25: TH01 | W25: N | X25: N | Y25: intercept_action_nostart | Z25: uncancelled | AE25: CK01967003024260922000671 | AH25: OTHER | AO25: จังหวัดยะลา | AP25: อำเภอกรงปินัง | AQ25: กรงปินัง | AR25: ยะลา/ Yala | AS25: กรงปินัง/ Krong Pinang | AT25: 95000 | AV25: 23 หมู่5 | AW25: อัสมะห์ ยือล๊ะ | AX25: 0937437050 | AZ25: 95000 | BL25: openapi | BV25: Express delivery | CB25: 21 | CC25: 21 | CO25: 805.43 | CS25: ACCEPT | CT25: 000011 | CU25: 有色唇部精华10U | CV25: SKINTIFIC-12310U | CW25: 4897147693204 | CX25: 件 | CY25: 件 | CZ25: 1 | DA25: 1 | DD25: 1 | EC25: ZP | EE25: TH01 | EN25: OTHER
A26: KOO26092200124 | C26: 00000000000000000000 | E26: OTHER | G26: stockout_allocated | H26: 3 | J26: order_allocate | K26: KOL订单 | L26: 2026-09-22 08:01:20 | N26: 00000000000000000000 | O26: KOL | P26: TH01 | Q26: B2C | S26: unnecessary | T26: TH01 | W26: N | X26: N | Y26: intercept_action_nostart | Z26: uncancelled | AE26: CK01967003024260922000671 | AH26: OTHER | AO26: จังหวัดยะลา | AP26: อำเภอกรงปินัง | AQ26: กรงปินัง | AR26: ยะลา/ Yala | AS26: กรงปินัง/ Krong Pinang | AT26: 95000 | AV26: 23 หมู่5 | AW26: อัสมะห์ ยือล๊ะ | AX26: 0937437050 | AZ26: 95000 | BL26: openapi | BV26: Express delivery | CB26: 21 | CC26: 21 | CO26: 805.43 | CS26: ACCEPT | CT26: 000012 | CU26: 有色唇部精华07U | CV26: SKINTIFIC-1237U | CW26: 4897147693174 | CX26: 件 | CY26: 件 | CZ26: 1 | DA26: 1 | DD26: 1 | EC26: ZP | EE26: TH01 | EN26: OTHER
A27: KOO26092200124 | C27: 00000000000000000000 | E27: OTHER | G27: stockout_allocated | H27: 3 | J27: order_allocate | K27: KOL订单 | L27: 2026-09-22 08:01:20 | N27: 00000000000000000000 | O27: KOL | P27: TH01 | Q27: B2C | S27: unnecessary | T27: TH01 | W27: N | X27: N | Y27: intercept_action_nostart | Z27: uncancelled | AE27: CK01967003024260922000671 | AH27: OTHER | AO27: จังหวัดยะลา | AP27: อำเภอกรงปินัง | AQ27: กรงปินัง | AR27: ยะลา/ Yala | AS27: กรงปินัง/ Krong Pinang | AT27: 95000 | AV27: 23 หมู่5 | AW27: อัสมะห์ ยือล๊ะ | AX27: 0937437050 | AZ27: 95000 | BL27: openapi | BV27: Express delivery | CB27: 21 | CC27: 21 | CO27: 805.43 | CS27: ACCEPT | CT27: 000013 | CU27: PEPTIDE NOURISHING LIP SERUM CORAL ROSE | CV27: SKINTIFIC-1232 | CW27: 810114872734 | CX27: 件 | CY27: 件 | CZ27: 1 | DA27: 1 | DD27: 1 | EC27: ZP | EE27: TH01 | EI27: 810114872734 | EJ27: S-1232 | EN27: OTHER
A28: KOO26092200124 | C28: 00000000000000000000 | E28: OTHER | G28: stockout_allocated | H28: 3 | J28: order_allocate | K28: KOL订单 | L28: 2026-09-22 08:01:20 | N28: 00000000000000000000 | O28: KOL | P28: TH01 | Q28: B2C | S28: unnecessary | T28: TH01 | W28: N | X28: N | Y28: intercept_action_nostart | Z28: uncancelled | AE28: CK01967003024260922000671 | AH28: OTHER | AO28: จังหวัดยะลา | AP28: อำเภอกรงปินัง | AQ28: กรงปินัง | AR28: ยะลา/ Yala | AS28: กรงปินัง/ Krong Pinang | AT28: 95000 | AV28: 23 หมู่5 | AW28: อัสมะห์ ยือล๊ะ | AX28: 0937437050 | AZ28: 95000 | BL28: openapi | BV28: Express delivery | CB28: 21 | CC28: 21 | CO28: 805.43 | CS28: ACCEPT | CT28: 000014 | CU28: PEPTIDE NOURISHING LIP SERUM BABY PINK | CV28: SKINTIFIC-1231 | CW28: 810114872727 | CX28: 件 | CY28: 件 | CZ28: 1 | DA28: 1 | DD28: 1 | EC28: ZP | EE28: TH01 | EI28: 810114872727 | EJ28: S-1231 | EN28: OTHER
A29: KOO26092200124 | C29: 00000000000000000000 | E29: OTHER | G29: stockout_allocated | H29: 3 | J29: order_allocate | K29: KOL订单 | L29: 2026-09-22 08:01:20 | N29: 00000000000000000000 | O29: KOL | P29: TH01 | Q29: B2C | S29: unnecessary | T29: TH01 | W29: N | X29: N | Y29: intercept_action_nostart | Z29: uncancelled | AE29: CK01967003024260922000671 | AH29: OTHER | AO29: จังหวัดยะลา | AP29: อำเภอกรงปินัง | AQ29: กรงปินัง | AR29: ยะลา/ Yala | AS29: กรงปินัง/ Krong Pinang | AT29: 95000 | AV29: 23 หมู่5 | AW29: อัสมะห์ ยือล๊ะ | AX29: 0937437050 | AZ29: 95000 | BL29: openapi | BV29: Express delivery | CB29: 21 | CC29: 21 | CO29: 805.43 | CS29: ACCEPT | CT29: 000015 | CU29: BRIGHTENING LIP SERUM CINNAMON ROSE | CV29: SKINTIFIC-1238U | CW29: 4897147693181 | CX29: 件 | CY29: 件 | CZ29: 1 | DA29: 1 | DD29: 1 | EC29: ZP | EE29: TH01 | EN29: OTHER
A30: KOO26092200124 | C30: 00000000000000000000 | E30: OTHER | G30: stockout_allocated | H30: 3 | J30: order_allocate | K30: KOL订单 | L30: 2026-09-22 08:01:20 | N30: 00000000000000000000 | O30: KOL | P30: TH01 | Q30: B2C | S30: unnecessary | T30: TH01 | W30: N | X30: N | Y30: intercept_action_nostart | Z30: uncancelled | AE30: CK01967003024260922000671 | AH30: OTHER | AO30: จังหวัดยะลา | AP30: อำเภอกรงปินัง | AQ30: กรงปินัง | AR30: ยะลา/ Yala | AS30: กรงปินัง/ Krong Pinang | AT30: 95000 | AV30: 23 หมู่5 | AW30: อัสมะห์ ยือล๊ะ | AX30: 0937437050 | AZ30: 95000 | BL30: openapi | BV30: Express delivery | CB30: 21 | CC30: 21 | CO30: 805.43 | CS30: ACCEPT | CT30: 000016 | CU30: 有色唇部精华11U | CV30: SKINTIFIC-12311U | CW30: 4897147693211 | CX30: 件 | CY30: 件 | CZ30: 1 | DA30: 1 | DD30: 1 | EC30: ZP | EE30: TH01 | EN30: OTHER
A31: KOO26092200124 | C31: 00000000000000000000 | E31: OTHER | G31: stockout_allocated | H31: 3 | J31: order_allocate | K31: KOL订单 | L31: 2026-09-22 08:01:20 | N31: 00000000000000000000 | O31: KOL | P31: TH01 | Q31: B2C | S31: unnecessary | T31: TH01 | W31: N | X31: N | Y31: intercept_action_nostart | Z31: uncancelled | AE31: CK01967003024260922000671 | AH31: OTHER | AO31: จังหวัดยะลา | AP31: อำเภอกรงปินัง | AQ31: กรงปินัง | AR31: ยะลา/ Yala | AS31: กรงปินัง/ Krong Pinang | AT31: 95000 | AV31: 23 หมู่5 | AW31: อัสมะห์ ยือล๊ะ | AX31: 0937437050 | AZ31: 95000 | BL31: openapi | BV31: Express delivery | CB31: 21 | CC31: 21 | CO31: 805.43 | CS31: ACCEPT | CT31: 000017 | CU31: PEPTIDE NOURISHING LIP SERUM CHERRY RED | CV31: SKINTIFIC-1233 | CW31: 810114872741 | CX31: 件 | CY31: 件 | CZ31: 1 | DA31: 1 | DD31: 1 | EC31: ZP | EE31: TH01 | EI31: 810114874257 | EJ31: S-1233 | EN31: OTHER
A32: KOO26092200124 | C32: 00000000000000000000 | E32: OTHER | G32: stockout_allocated | H32: 3 | J32: order_allocate | K32: KOL订单 | L32: 2026-09-22 08:01:20 | N32: 00000000000000000000 | O32: KOL | P32: TH01 | Q32: B2C | S32: unnecessary | T32: TH01 | W32: N | X32: N | Y32: intercept_action_nostart | Z32: uncancelled | AE32: CK01967003024260922000671 | AH32: OTHER | AO32: จังหวัดยะลา | AP32: อำเภอกรงปินัง | AQ32: กรงปินัง | AR32: ยะลา/ Yala | AS32: กรงปินัง/ Krong Pinang | AT32: 95000 | AV32: 23 หมู่5 | AW32: อัสมะห์ ยือล๊ะ | AX32: 0937437050 | AZ32: 95000 | BL32: openapi | BV32: Express delivery | CB32: 21 | CC32: 21 | CO32: 805.43 | CS32: ACCEPT | CT32: 000018 | CU32: 有色唇部精华16U | CV32: SKINTIFIC-12316U | CW32: 4897147693655 | CX32: 件 | CY32: 件 | CZ32: 1 | DA32: 1 | DD32: 1 | EC32: ZP | EE32: TH01 | EI32: S--12316U | EN32: OTHER
A33: KOO26092200124 | C33: 00000000000000000000 | E33: OTHER | G33: stockout_allocated | H33: 3 | J33: order_allocate | K33: KOL订单 | L33: 2026-09-22 08:01:20 | N33: 00000000000000000000 | O33: KOL | P33: TH01 | Q33: B2C | S33: unnecessary | T33: TH01 | W33: N | X33: N | Y33: intercept_action_nostart | Z33: uncancelled | AE33: CK01967003024260922000671 | AH33: OTHER | AO33: จังหวัดยะลา | AP33: อำเภอกรงปินัง | AQ33: กรงปินัง | AR33: ยะลา/ Yala | AS33: กรงปินัง/ Krong Pinang | AT33: 95000 | AV33: 23 หมู่5 | AW33: อัสมะห์ ยือล๊ะ | AX33: 0937437050 | AZ33: 95000 | BL33: openapi | BV33: Express delivery | CB33: 21 | CC33: 21 | CO33: 805.43 | CS33: ACCEPT | CT33: 000019 | CU33: BRIGHTENING LIP SERUM FINE WINE | CV33: SKINTIFIC-12313U | CW33: 4897147693624 | CX33: 件 | CY33: 件 | CZ33: 1 | DA33: 1 | DD33: 1 | EC33: ZP | EE33: TH01 | EN33: OTHER
A34: KOO26092200124 | C34: 00000000000000000000 | E34: OTHER | G34: stockout_allocated | H34: 3 | J34: order_allocate | K34: KOL订单 | L34: 2026-09-22 08:01:20 | N34: 00000000000000000000 | O34: KOL | P34: TH01 | Q34: B2C | S34: unnecessary | T34: TH01 | W34: N | X34: N | Y34: intercept_action_nostart | Z34: uncancelled | AE34: CK01967003024260922000671 | AH34: OTHER | AO34: จังหวัดยะลา | AP34: อำเภอกรงปินัง | AQ34: กรงปินัง | AR34: ยะลา/ Yala | AS34: กรงปินัง/ Krong Pinang | AT34: 95000 | AV34: 23 หมู่5 | AW34: อัสมะห์ ยือล๊ะ | AX34: 0937437050 | AZ34: 95000 | BL34: openapi | BV34: Express delivery | CB34: 21 | CC34: 21 | CO34: 805.43 | CS34: ACCEPT | CT34: 000020 | CU34: SKINTIFIC Daily Filter Perfect Skin Tint 01N Natural Vanilla | CV34: SKINTIFIC-17101N | CW34: 810114874684 | CX34: 件 | CY34: 件 | CZ34: 1 | DA34: 1 | DD34: 1 | EC34: ZP | EE34: TH01 | EI34: S-17101N | EN34: OTHER
A35: KOO26092200124 | C35: 00000000000000000000 | E35: OTHER | G35: stockout_allocated | H35: 3 | J35: order_allocate | K35: KOL订单 | L35: 2026-09-22 08:01:20 | N35: 00000000000000000000 | O35: KOL | P35: TH01 | Q35: B2C | S35: unnecessary | T35: TH01 | W35: N | X35: N | Y35: intercept_action_nostart | Z35: uncancelled | AE35: CK01967003024260922000671 | AH35: OTHER | AO35: จังหวัดยะลา | AP35: อำเภอกรงปินัง | AQ35: กรงปินัง | AR35: ยะลา/ Yala | AS35: กรงปินัง/ Krong Pinang | AT35: 95000 | AV35: 23 หมู่5 | AW35: อัสมะห์ ยือล๊ะ | AX35: 0937437050 | AZ35: 95000 | BL35: openapi | BV35: Express delivery | CB35: 21 | CC35: 21 | CO35: 805.43 | CS35: ACCEPT | CT35: 000021 | CU35: SKINTIFIC Daily Filter Perfect Skin Tint 01W Warm vanilla | CV35: SKINTIFIC-17101W | CW35: 810114874691 | CX35: 件 | CY35: 件 | CZ35: 1 | DA35: 1 | DD35: 1 | EC35: ZP | EE35: TH01 | EI35: S-17101W | EN35: OTHER
A36: KOO26092200125 | C36: 00000000000000000000 | E36: OTHER | G36: stockout_allocated | H36: 3 | J36: order_allocate | K36: KOL订单 | L36: 2026-09-22 08:01:21 | N36: 00000000000000000000 | O36: KOL | P36: TH01 | Q36: B2C | S36: unnecessary | T36: TH01 | W36: N | X36: N | Y36: intercept_action_nostart | Z36: uncancelled | AE36: CK01967003024260922000672 | AH36: OTHER | AO36: จังหวัดกรุงเทพมหานคร | AP36: เขตจตุจักร | AQ36: เสนานิคม | AR36: กรุงเทพมหานคร/ Bangkok | AS36: จตุจักร/ Chatuchak | AT36: 10900 | AV36: คอนโดThe key พหลโยธิน34 ห้อง123 ตึกb | AW36: ชนากานต์ | AX36: 0952405705 | AZ36: 10900 | BL36: openapi | BV36: Express delivery | CB36: 2 | CC36: 1 | CO36: 2 | CS36: ACCEPT | CT36: 000001 | CU36: PDRN面霜 | CV36: SKINTIFIC-351 | CW36: 4897147691323 | CX36: 件 | CY36: 件 | CZ36: 2 | DA36: 2 | DD36: 2 | EC36: ZP | EE36: TH01 | EN36: OTHER
A37: KOO26092200126 | C37: 00000000000000000000 | E37: OTHER | G37: stockout_allocated | H37: 3 | J37: order_allocate | K37: KOL订单 | L37: 2026-09-22 08:01:21 | N37: 00000000000000000000 | O37: KOL | P37: TH01 | Q37: B2C | S37: unnecessary | T37: TH01 | W37: N | X37: N | Y37: intercept_action_nostart | Z37: uncancelled | AE37: CK01967003024260922000673 | AH37: OTHER | AO37: กทม | AP37: เขตจตุจักร | AQ37: แขวงเสนานิคม | AR37: กรุงเทพมหานคร/ Bangkok | AS37: จตุจักร/ Chatuchak | AT37: 10900 | AV37: 2034/321 ถนนพหลโยธิน | AW37: ชนาทิป นวัตธนาธร | AX37: 0615166944 | AZ37: 10900 | BL37: openapi | BV37: Express delivery | CB37: 1 | CC37: 1 | CO37: 121 | CS37: ACCEPT | CT37: 000001 | CU37: Retinol Skin Renewal Moisturizer | CV37: SKINTIFIC-183 | CW37: 810114871409 | CX37: 件 | CY37: 件 | CZ37: 1 | DA37: 1 | DD37: 1 | EC37: ZP | EE37: TH01 | EI37: S-183 | EN37: OTHER
A38: KOO26092200127 | C38: 00000000000000000000 | E38: OTHER | G38: stockout_allocated | H38: 3 | J38: order_allocate | K38: KOL订单 | L38: 2026-09-22 08:01:21 | N38: 00000000000000000000 | O38: KOL | P38: TH01 | Q38: B2C | S38: unnecessary | T38: TH01 | W38: N | X38: N | Y38: intercept_action_nostart | Z38: uncancelled | AE38: CK01967003024260922000674 | AH38: OTHER | AO38: จังหวัดกรุงเทพมหานคร | AP38: เขตบางแค | AQ38: หลักสอง | AR38: กรุงเทพมหานคร/ Bangkok | AS38: บางแค/ Bang Khae | AT38: 10160 | AV38: 735 ซ.เพชรเกษม 69 ถ.เพชรเกษม แขวงหลักสอง เขตบางแค กทม. 10160 | AW38: อรชา อินทโต | AX38: 0825466194 | AZ38: 10160 | BL38: openapi | BV38: Express delivery | CB38: 1 | CC38: 1 | CO38: 120 | CS38: ACCEPT | CT38: 000001 | CU38: 5X Ceramide Barrier Moisture Gel- Light Texture | CV38: SKINTIFIC-298 | CW38: 8101148747528 | CX38: 件 | CY38: 件 | CZ38: 1 | DA38: 1 | DD38: 1 | EC38: ZP | EE38: TH01 | EI38: S-298 | EN38: OTHER
A39: KOO26092200128 | C39: 00000000000000000000 | E39: OTHER | G39: stockout_allocated | H39: 3 | J39: order_allocate | K39: KOL订单 | L39: 2026-09-22 08:01:22 | N39: 00000000000000000000 | O39: KOL | P39: TH01 | Q39: B2C | S39: unnecessary | T39: TH01 | W39: N | X39: N | Y39: intercept_action_nostart | Z39: uncancelled | AE39: CK01967003024260922000675 | AH39: OTHER | AO39: จังหวัดกรุงเทพมหานคร | AP39: เขตบางแค | AQ39: หลักสอง | AR39: กรุงเทพมหานคร/ Bangkok | AS39: บางแค/ Bang Khae | AT39: 10160 | AV39: 735 ซ.เพชรเกษม 69 ถ.เพชรเกษม แขวงหลักสอง เขตบางแค กทม. 10160 | AW39: อรชา อินทโต | AX39: 0825466194 | AZ39: 10160 | BL39: openapi | BV39: Express delivery | CB39: 3 | CC39: 1 | CO39: 360 | CS39: ACCEPT | CT39: 000001 | CU39: 5X Ceramide Barrier Moisture Gel- Light Texture | CV39: SKINTIFIC-298 | CW39: 8101148747528 | CX39: 件 | CY39: 件 | CZ39: 3 | DA39: 3 | DD39: 3 | EC39: ZP | EE39: TH01 | EI39: S-298 | EN39: OTHER
A40: KOO26092200129 | C40: 00000000000000000000 | E40: OTHER | G40: stockout_allocated | H40: 3 | J40: order_allocate | K40: KOL订单 | L40: 2026-09-22 08:01:22 | N40: 00000000000000000000 | O40: KOL | P40: TH01 | Q40: B2C | S40: unnecessary | T40: TH01 | W40: N | X40: N | Y40: intercept_action_nostart | Z40: uncancelled | AE40: CK01967003024260922000676 | AH40: OTHER | AO40: ระยอง | AP40: เมืองระยอง | AQ40: เนินพระ | AR40: ระยอง/ Rayong | AS40: เมืองระยอง/ Mueang Rayong | AT40: 21150 | AV40: มินนี่19/25 ถนน กรอกยายชา ต.เนินพระ อ.เมืองระยอง จ.ระยอง 21150 0806027271 | AW40: มินนี่ | AX40: 0806027271 | AZ40: 21150 | BL40: openapi | BV40: Express delivery | CB40: 2 | CC40: 2 | CO40: 262 | CS40: ACCEPT | CT40: 000001 | CU40: Radiance Booster Serum Spray | CV40: SKINTIFIC-170 | CW40: 810114872833 | CX40: 件 | CY40: 件 | CZ40: 1 | DA40: 1 | DD40: 1 | EC40: ZP | EE40: TH01 | EI40: S-170 | EN40: OTHER
A41: KOO26092200129 | C41: 00000000000000000000 | E41: OTHER | G41: stockout_allocated | H41: 3 | J41: order_allocate | K41: KOL订单 | L41: 2026-09-22 08:01:22 | N41: 00000000000000000000 | O41: KOL | P41: TH01 | Q41: B2C | S41: unnecessary | T41: TH01 | W41: N | X41: N | Y41: intercept_action_nostart | Z41: uncancelled | AE41: CK01967003024260922000676 | AH41: OTHER | AO41: ระยอง | AP41: เมืองระยอง | AQ41: เนินพระ | AR41: ระยอง/ Rayong | AS41: เมืองระยอง/ Mueang Rayong | AT41: 21150 | AV41: มินนี่19/25 ถนน กรอกยายชา ต.เนินพระ อ.เมืองระยอง จ.ระยอง 21150 0806027271 | AW41: มินนี่ | AX41: 0806027271 | AZ41: 21150 | BL41: openapi | BV41: Express delivery | CB41: 2 | CC41: 2 | CO41: 262 | CS41: ACCEPT | CT41: 000002 | CU41: Radiance Booster Serum Spray | CV41: SKINTIFIC-389 | CW41: 4897147690739 | CX41: 件 | CY41: 件 | CZ41: 1 | DA41: 1 | DD41: 1 | EC41: ZP | EE41: TH01 | EI41: S-389 | EN41: OTHER
A42: KOO26092200130 | C42: 00000000000000000000 | E42: OTHER | G42: stockout_allocated | H42: 3 | J42: order_allocate | K42: KOL订单 | L42: 2026-09-22 08:01:23 | N42: 00000000000000000000 | O42: KOL | P42: TH01 | Q42: B2C | S42: unnecessary | T42: TH01 | W42: N | X42: N | Y42: intercept_action_nostart | Z42: uncancelled | AE42: CK01967003024260922000677 | AH42: OTHER | AO42: จังหวัดหนองคาย | AP42: อำเภอเมืองหนองคาย | AQ42: หินโงม | AR42: หนองคาย/ Nong Khai | AS42: เมืองหนองคาย/ Mueang Nong Khai | AT42: 43000 | AV42: 253/1 ซอย6 ตบ. หินโงม อ.เมือง จ.หนองคาย 43000 เข้าทางหน้าซอยบ้านหลังสุดท้ายสีเขียวมิ้นต์ (ขวามือ) | AW42: กมนตา กินเสน | AX42: 0996300939 | AZ42: 43000 | BL42: openapi | BV42: Express delivery | CB42: 1 | CC42: 1 | CO42: 150 | CS42: ACCEPT | CT42: 000001 | CU42: Cover Glow Perfect Cushion 02N Natural Ivory | CV42: SKINTIFIC-4432N | CW42: 4897147691903 | CX42: 件 | CY42: 件 | CZ42: 1 | DA42: 1 | DD42: 1 | EC42: ZP | EE42: TH01 | EI42: S-4432N | EN42: OTHER
A43: KOO26092200131 | C43: 00000000000000000000 | E43: OTHER | G43: stockout_allocated | H43: 3 | J43: order_allocate | K43: KOL订单 | L43: 2026-09-22 08:01:23 | N43: 00000000000000000000 | O43: KOL | P43: TH01 | Q43: B2C | S43: unnecessary | T43: TH01 | W43: N | X43: N | Y43: intercept_action_nostart | Z43: uncancelled | AE43: CK01967003024260922000678 | AH43: OTHER | AO43: จังหวัดหนองคาย | AP43: อำเภอเมืองหนองคาย | AQ43: หินโงม | AR43: หนองคาย/ Nong Khai | AS43: เมืองหนองคาย/ Mueang Nong Khai | AT43: 43000 | AV43: 253/1 ซอย6 ตบ. หินโงม อ.เมือง จ.หนองคาย 43000 เข้าทางหน้าซอยบ้านหลังสุดท้ายสีเขียวมิ้นต์ (ขวามือ) | AW43: กมนตา กินเสน | AX43: 0996300939 | AZ43: 43000 | BL43: openapi | BV43: Express delivery | CB43: 1 | CC43: 1 | CS43: ACCEPT | CT43: 000001 | CU43: 缎光定妆喷雾 | CV43: SKINTIFIC-341 | CW43: 4897147692023 | CX43: 件 | CY43: 件 | CZ43: 1 | DA43: 1 | DD43: 1 | EC43: ZP | EE43: TH01 | EN43: OTHER
A44: KOO26092200132 | C44: 00000000000000000000 | E44: OTHER | G44: stockout_allocated | H44: 3 | J44: order_allocate | K44: KOL订单 | L44: 2026-09-22 08:01:24 | N44: 00000000000000000000 | O44: KOL | P44: TH01 | Q44: B2C | S44: unnecessary | T44: TH01 | W44: N | X44: N | Y44: intercept_action_nostart | Z44: uncancelled | AE44: CK01967003024260922000679 | AH44: OTHER | AO44: จังหวัดกรุงเทพมหานคร | AP44: เขตพญาไท | AQ44: สามเสนใน | AR44: กรุงเทพมหานคร/ Bangkok | AS44: พญาไท/ Phaya Thai | AT44: 10400 | AV44: เมโทรลักซ์ พหล-สุทธิสาร, ถนน สุทธิสารวินิจฉัย, ตึก B ห้อง 12/176 10400, พญาไท, กรุงเทพฯ, เบอร์โทร : 0927399478 | AW44: เอิร์น | AX44: 0927399478 | AZ44: 10400 | BL44: openapi | BV44: Express delivery | CB44: 7 | CC44: 7 | CO44: 864.06 | CS44: ACCEPT | CT44: 000001 | CU44: RETINOL SKIN RENEWAL SERUM | CV44: SKINTIFIC-180 | CW44: 810114871201 | CX44: 件 | CY44: 件 | CZ44: 1 | DA44: 1 | DD44: 1 | EC44: ZP | EE44: TH01 | EI44: S-180 | EN44: OTHER
A45: KOO26092200132 | C45: 00000000000000000000 | E45: OTHER | G45: stockout_allocated | H45: 3 | J45: order_allocate | K45: KOL订单 | L45: 2026-09-22 08:01:24 | N45: 00000000000000000000 | O45: KOL | P45: TH01 | Q45: B2C | S45: unnecessary | T45: TH01 | W45: N | X45: N | Y45: intercept_action_nostart | Z45: uncancelled | AE45: CK01967003024260922000679 | AH45: OTHER | AO45: จังหวัดกรุงเทพมหานคร | AP45: เขตพญาไท | AQ45: สามเสนใน | AR45: กรุงเทพมหานคร/ Bangkok | AS45: พญาไท/ Phaya Thai | AT45: 10400 | AV45: เมโทรลักซ์ พหล-สุทธิสาร, ถนน สุทธิสารวินิจฉัย, ตึก B ห้อง 12/176 10400, พญาไท, กรุงเทพฯ, เบอร์โทร : 0927399478 | AW45: เอิร์น | AX45: 0927399478 | AZ45: 10400 | BL45: openapi | BV45: Express delivery | CB45: 7 | CC45: 7 | CO45: 864.06 | CS45: ACCEPT | CT45: 000002 | CU45: 5X CERAMIDE BARRIER REPAIR MOISTURE GEL | CV45: SKINTIFIC-05 | CW45: 7554411566554 | CX45: 件 | CY45: 件 | CZ45: 1 | DA45: 1 | DD45: 1 | EC45: ZP | EE45: TH01 | EI45: S-05 | EN45: OTHER
A46: KOO26092200132 | C46: 00000000000000000000 | E46: OTHER | G46: stockout_allocated | H46: 3 | J46: order_allocate | K46: KOL订单 | L46: 2026-09-22 08:01:24 | N46: 00000000000000000000 | O46: KOL | P46: TH01 | Q46: B2C | S46: unnecessary | T46: TH01 | W46: N | X46: N | Y46: intercept_action_nostart | Z46: uncancelled | AE46: CK01967003024260922000679 | AH46: OTHER | AO46: จังหวัดกรุงเทพมหานคร | AP46: เขตพญาไท | AQ46: สามเสนใน | AR46: กรุงเทพมหานคร/ Bangkok | AS46: พญาไท/ Phaya Thai | AT46: 10400 | AV46: เมโทรลักซ์ พหล-สุทธิสาร, ถนน สุทธิสารวินิจฉัย, ตึก B ห้อง 12/176 10400, พญาไท, กรุงเทพฯ, เบอร์โทร : 0927399478 | AW46: เอิร์น | AX46: 0927399478 | AZ46: 10400 | BL46: openapi | BV46: Express delivery | CB46: 7 | CC46: 7 | CO46: 864.06 | CS46: ACCEPT | CT46: 000003 | CU46: SYMWHITE377 DARK SPOT ERASER MOISTURE GEL | CV46: SKINTIFIC-39 | CW46: 810114870716 | CX46: 件 | CY46: 件 | CZ46: 1 | DA46: 1 | DD46: 1 | EC46: ZP | EE46: TH01 | EI46: S-39 | EN46: OTHER
A47: KOO26092200132 | C47: 00000000000000000000 | E47: OTHER | G47: stockout_allocated | H47: 3 | J47: order_allocate | K47: KOL订单 | L47: 2026-09-22 08:01:24 | N47: 00000000000000000000 | O47: KOL | P47: TH01 | Q47: B2C | S47: unnecessary | T47: TH01 | W47: N | X47: N | Y47: intercept_action_nostart | Z47: uncancelled | AE47: CK01967003024260922000679 | AH47: OTHER | AO47: จังหวัดกรุงเทพมหานคร | AP47: เขตพญาไท | AQ47: สามเสนใน | AR47: กรุงเทพมหานคร/ Bangkok | AS47: พญาไท/ Phaya Thai | AT47: 10400 | AV47: เมโทรลักซ์ พหล-สุทธิสาร, ถนน สุทธิสารวินิจฉัย, ตึก B ห้อง 12/176 10400, พญาไท, กรุงเทพฯ, เบอร์โทร : 0927399478 | AW47: เอิร์น | AX47: 0927399478 | AZ47: 10400 | BL47: openapi | BV47: Express delivery | CB47: 7 | CC47: 7 | CO47: 864.06 | CS47: ACCEPT | CT47: 000004 | CU47: PDRN RADIANCE BRIGHT SERUM SPRAY | CV47: SKINTIFIC-388 | CW47: 4897147693372 | CX47: 件 | CY47: 件 | CZ47: 1 | DA47: 1 | DD47: 1 | EC47: ZP | EE47: TH01 | EI47: S-388 | EN47: OTHER
A48: KOO26092200132 | C48: 00000000000000000000 | E48: OTHER | G48: stockout_allocated | H48: 3 | J48: order_allocate | K48: KOL订单 | L48: 2026-09-22 08:01:24 | N48: 00000000000000000000 | O48: KOL | P48: TH01 | Q48: B2C | S48: unnecessary | T48: TH01 | W48: N | X48: N | Y48: intercept_action_nostart | Z48: uncancelled | AE48: CK01967003024260922000679 | AH48: OTHER | AO48: จังหวัดกรุงเทพมหานคร | AP48: เขตพญาไท | AQ48: สามเสนใน | AR48: กรุงเทพมหานคร/ Bangkok | AS48: พญาไท/ Phaya Thai | AT48: 10400 | AV48: เมโทรลักซ์ พหล-สุทธิสาร, ถนน สุทธิสารวินิจฉัย, ตึก B ห้อง 12/176 10400, พญาไท, กรุงเทพฯ, เบอร์โทร : 0927399478 | AW48: เอิร์น | AX48: 0927399478 | AZ48: 10400 | BL48: openapi | BV48: Express delivery | CB48: 7 | CC48: 7 | CO48: 864.06 | CS48: ACCEPT | CT48: 000005 | CU48: Retinol Skin Renewal Moisturizer | CV48: SKINTIFIC-183 | CW48: 810114871409 | CX48: 件 | CY48: 件 | CZ48: 1 | DA48: 1 | DD48: 1 | EC48: ZP | EE48: TH01 | EI48: S-183 | EN48: OTHER
A49: KOO26092200132 | C49: 00000000000000000000 | E49: OTHER | G49: stockout_allocated | H49: 3 | J49: order_allocate | K49: KOL订单 | L49: 2026-09-22 08:01:24 | N49: 00000000000000000000 | O49: KOL | P49: TH01 | Q49: B2C | S49: unnecessary | T49: TH01 | W49: N | X49: N | Y49: intercept_action_nostart | Z49: uncancelled | AE49: CK01967003024260922000679 | AH49: OTHER | AO49: จังหวัดกรุงเทพมหานคร | AP49: เขตพญาไท | AQ49: สามเสนใน | AR49: กรุงเทพมหานคร/ Bangkok | AS49: พญาไท/ Phaya Thai | AT49: 10400 | AV49: เมโทรลักซ์ พหล-สุทธิสาร, ถนน สุทธิสารวินิจฉัย, ตึก B ห้อง 12/176 10400, พญาไท, กรุงเทพฯ, เบอร์โทร : 0927399478 | AW49: เอิร์น | AX49: 0927399478 | AZ49: 10400 | BL49: openapi | BV49: Express delivery | CB49: 7 | CC49: 7 | CO49: 864.06 | CS49: ACCEPT | CT49: 000006 | CU49: MSH Niacinamide Brightening Moisture Gel | CV49: SKINTIFIC-21 | CW49: 810114870136 | CX49: 件 | CY49: 件 | CZ49: 1 | DA49: 1 | DD49: 1 | EC49: ZP | EE49: TH01 | EI49: S-21 | EN49: OTHER
A50: KOO26092200132 | C50: 00000000000000000000 | E50: OTHER | G50: stockout_allocated | H50: 3 | J50: order_allocate | K50: KOL订单 | L50: 2026-09-22 08:01:24 | N50: 00000000000000000000 | O50: KOL | P50: TH01 | Q50: B2C | S50: unnecessary | T50: TH01 | W50: N | X50: N | Y50: intercept_action_nostart | Z50: uncancelled | AE50: CK01967003024260922000679 | AH50: OTHER | AO50: จังหวัดกรุงเทพมหานคร | AP50: เขตพญาไท | AQ50: สามเสนใน | AR50: กรุงเทพมหานคร/ Bangkok | AS50: พญาไท/ Phaya Thai | AT50: 10400 | AV50: เมโทรลักซ์ พหล-สุทธิสาร, ถนน สุทธิสารวินิจฉัย, ตึก B ห้อง 12/176 10400, พญาไท, กรุงเทพฯ, เบอร์โทร : 0927399478 | AW50: เอิร์น | AX50: 0927399478 | AZ50: 10400 | BL50: openapi | BV50: Express delivery | CB50: 7 | CC50: 7 | CO50: 864.06 | CS50: ACCEPT | CT50: 000007 | CU50: 5X CERAMIDE BARRIER MOISTURE GEL(80G) | CV50: SKINTIFIC-30 | CW50: 7554411571336 | CX50: 件 | CY50: 件 | CZ50: 1 | DA50: 1 | DD50: 1 | EC50: ZP | EE50: TH01 | EI50: S-30 | EN50: OTHER
A51: KOO26092200133 | C51: 00000000000000000000 | E51: OTHER | G51: stockout_allocated | H51: 3 | J51: order_allocate | K51: KOL订单 | L51: 2026-09-22 08:01:24 | N51: 00000000000000000000 | O51: KOL | P51: TH01 | Q51: B2C | S51: unnecessary | T51: TH01 | W51: N | X51: N | Y51: intercept_action_nostart | Z51: uncancelled | AE51: CK01967003024260922000680 | AH51: OTHER | AO51: จังหวัดเชียงใหม่ | AP51: อำเภอหางดง | AQ51: สันผักหวาน | AR51: เชียงใหม่/ Chiang Mai | AS51: หางดง/ Hang Dong | AT51: 50230 | AV51: 221/261 หมู่บ้านกาญกนกวิลล์18 ต.สันผักหวาน อ.หางดง จ.เชียงใหม่ 50230 | AW51: ชลิดา ดาเนียส | AX51: 0644871615 | AZ51: 50230 | BL51: openapi | BV51: Express delivery | CB51: 2 | CC51: 1 | CO51: 242 | CS51: ACCEPT | CT51: 000001 | CU51: Retinol Skin Renewal Moisturizer | CV51: SKINTIFIC-183 | CW51: 810114871409 | CX51: 件 | CY51: 件 | CZ51: 2 | DA51: 2 | DD51: 2 | EC51: ZP | EE51: TH01 | EI51: S-183 | EN51: OTHER
A52: KOO26092200134 | C52: 00000000000000000000 | E52: OTHER | G52: stockout_allocated | H52: 3 | J52: order_allocate | K52: KOL订单 | L52: 2026-09-22 08:01:24 | N52: 00000000000000000000 | O52: KOL | P52: TH01 | Q52: B2C | S52: unnecessary | T52: TH01 | W52: N | X52: N | Y52: intercept_action_nostart | Z52: uncancelled | AE52: CK01967003024260922000681 | AH52: OTHER | AO52: นนทบุรี | AP52: เมืองนนทบุรี | AQ52: บางเขน | AR52: นนทบุรี/ Nonthaburi | AS52: เมืองนนทบุรี/ Mueang Nonthaburi | AT52: 11000 | AV52: 254/290 คอนโดแอมเบอร์ ซ.กรุงเทพ-นนท์14 ถ.กรุงเทพ-นนท์ | AW52: ณิชา สงวนทรัพยากร | AX52: 0646635995 | AZ52: 11000 | BL52: openapi | BV52: Express delivery | CB52: 2 | CC52: 1 | CO52: 2.4 | CS52: ACCEPT | CT52: 000001 | CU52: Niacinamide Brightening Daily Mask | CV52: SKINTIFIC-31001 | CW52: 4897147691262 | CX52: 件 | CY52: 件 | CZ52: 2 | DA52: 2 | DD52: 2 | EC52: ZP | EE52: TH01 | EN52: OTHER
A53: KOO26092200135 | C53: 00000000000000000000 | E53: OTHER | G53: stockout_allocated | H53: 3 | J53: order_allocate | K53: KOL订单 | L53: 2026-09-22 08:01:25 | N53: 00000000000000000000 | O53: KOL | P53: TH01 | Q53: B2C | S53: unnecessary | T53: TH01 | W53: N | X53: N | Y53: intercept_action_nostart | Z53: uncancelled | AE53: CK01967003024260922000682 | AH53: OTHER | AO53: กรุงเทพมหานคร | AP53: เขตจตุจักร | AQ53: เสนานิคม | AR53: กรุงเทพมหานคร/ Bangkok | AS53: จตุจักร/ Chatuchak | AT53: 10900 | AV53: คอนโดThe key พหลโยธิน34 ห้อง123 ตึกb | AW53: ชนากานต์ | AX53: 0952405705 | AZ53: 10900 | BL53: openapi | BV53: Express delivery | CB53: 1 | CC53: 1 | CO53: 1.2 | CS53: ACCEPT | CT53: 000001 | CU53: Niacinamide Brightening Daily Mask | CV53: SKINTIFIC-31001 | CW53: 4897147691262 | CX53: 件 | CY53: 件 | CZ53: 1 | DA53: 1 | DD53: 1 | EC53: ZP | EE53: TH01 | EN53: OTHER
A54: KOO26092200136 | C54: 00000000000000000000 | E54: OTHER | G54: stockout_allocated | H54: 3 | J54: order_allocate | K54: KOL订单 | L54: 2026-09-22 08:01:25 | N54: 00000000000000000000 | O54: KOL | P54: TH01 | Q54: B2C | S54: unnecessary | T54: TH01 | W54: N | X54: N | Y54: intercept_action_nostart | Z54: uncancelled | AE54: CK01967003024260922000683 | AH54: OTHER | AO54: จังหวัดนครราชสีมา | AP54: อำเภอเมืองนครราชสีมา | AQ54: หมื่นไวย | AR54: นครราชสีมา/ Nakhon Ratchasima | AS54: เมืองนครราชสีมา/ Mueng Nakorn Ratchasima | AT54: 30000 | AV54: ที่อยู่ บจก.ต้นไม้ใหญ่ เลขที่ 666 ม.8 ต.หมื่นไวย อ.เมือง จ.นครราชสีมา 30000 | AW54: ปุณยนัทธ์ หนูแหยม | AX54: 0657253411 | AZ54: 30000 | BL54: openapi | BV54: Express delivery | CB54: 2 | CC54: 1 | CO54: 136.8 | CS54: ACCEPT | CT54: 000001 | CU54: Matte Fit Serum Sunscreen | CV54: SKINTIFIC-201 | CW54: 810114871867 | CX54: 件 | CY54: 件 | CZ54: 2 | DA54: 2 | DD54: 2 | EC54: ZP | EE54: TH01 | EI54: S-201 | EN54: OTHER
A55: KOO26092200137 | C55: 00000000000000000000 | E55: OTHER | G55: stockout_allocated | H55: 3 | J55: order_allocate | K55: KOL订单 | L55: 2026-09-22 08:01:26 | N55: 00000000000000000000 | O55: KOL | P55: TH01 | Q55: B2C | S55: unnecessary | T55: TH01 | W55: N | X55: N | Y55: intercept_action_nostart | Z55: uncancelled | AE55: CK01967003024260922000684 | AH55: OTHER | AO55: จ.ฉะเชิงเทรา | AP55: อำเภอเมืองฉะเชิงเทรา | AQ55: ตำบลหน้าเมือง | AR55: ฉะเชิงเทรา/ Chachoengsao | AS55: เมืองฉะเชิงเทรา/ Mueang Chachoengsao | AT55: 24000 | AV55: 286 ถนนพระยาศรีสุนทร | AW55: คุณมีน | AX55: 0994463694 | AZ55: 24000 | BL55: openapi | BV55: Express delivery | CB55: 1 | CC55: 1 | CO55: 119 | CS55: ACCEPT | CT55: 000001 | CU55: 5X CERAMIDE BARRIER REPAIR MOISTURE GEL | CV55: SKINTIFIC-05 | CW55: 7554411566554 | CX55: 件 | CY55: 件 | CZ55: 1 | DA55: 1 | DD55: 1 | EC55: ZP | EE55: TH01 | EI55: S-05 | EN55: OTHER
A56: KOO26092200138 | C56: 00000000000000000000 | E56: OTHER | G56: stockout_allocated | H56: 3 | J56: order_allocate | K56: KOL订单 | L56: 2026-09-22 08:01:26 | N56: 00000000000000000000 | O56: KOL | P56: TH01 | Q56: B2C | S56: unnecessary | T56: TH01 | W56: N | X56: N | Y56: intercept_action_nostart | Z56: uncancelled | AE56: CK01967003024260922000685 | AH56: OTHER | AO56: จ.ฉะเชิงเทรา | AP56: อำเภอเมืองฉะเชิงเทรา | AQ56: ตำบลหน้าเมือง | AR56: ฉะเชิงเทรา/ Chachoengsao | AS56: เมืองฉะเชิงเทรา/ Mueang Chachoengsao | AT56: 24000 | AV56: 286 ถนนพระยาศรีสุนทร | AW56: คุณมีน | AX56: 0994463694 | AZ56: 24000 | BL56: openapi | BV56: Express delivery | CB56: 1 | CC56: 1 | CO56: 1 | CS56: ACCEPT | CT56: 000001 | CU56: PDRN面霜 | CV56: SKINTIFIC-351 | CW56: 4897147691323 | CX56: 件 | CY56: 件 | CZ56: 1 | DA56: 1 | DD56: 1 | EC56: ZP | EE56: TH01 | EN56: OTHER
A57: KOO26092200139 | C57: 00000000000000000000 | E57: OTHER | G57: stockout_allocated | H57: 3 | J57: order_allocate | K57: KOL订单 | L57: 2026-09-22 08:01:26 | N57: 00000000000000000000 | O57: KOL | P57: TH01 | Q57: B2C | S57: unnecessary | T57: TH01 | W57: N | X57: N | Y57: intercept_action_nostart | Z57: uncancelled | AE57: CK01967003024260922000686 | AH57: OTHER | AO57: จังหวัดนครราชสีมา | AP57: อำเภอเมือง | AQ57: ตำบลบ้านเกาะ | AR57: นครราชสีมา/ Nakhon Ratchasima | AS57: เมืองนครราชสีมา/ Mueng Nakorn Ratchasima | AT57: 30000 | AV57: 879/16 โฮมการ์เด้นสุรนารายณ์ ซอย 14 ตำบลบ้านเกาะ อำเภอเมือง จังหวัดนครราชสีมา 30000 | AW57: ลดาวัลย์ วัฒนาโอฬารวงศ์ | AX57: 0650907130 | AZ57: 30000 | BL57: openapi | BV57: Express delivery | CB57: 1 | CC57: 1 | CO57: 150 | CS57: ACCEPT | CT57: 000001 | CU57: Cover Glow Perfect Cushion 01N Natural Vanilla | CV57: SKINTIFIC-4431N | CW57: 4897147691897 | CX57: 件 | CY57: 件 | CZ57: 1 | DA57: 1 | DD57: 1 | EC57: ZP | EE57: TH01 | EI57: S-4431N | EN57: OTHER
A58: KOO26092200140 | C58: 00000000000000000000 | E58: OTHER | G58: stockout_allocated | H58: 3 | J58: order_allocate | K58: KOL订单 | L58: 2026-09-22 08:01:27 | N58: 00000000000000000000 | O58: KOL | P58: TH01 | Q58: B2C | S58: unnecessary | T58: TH01 | W58: N | X58: N | Y58: intercept_action_nostart | Z58: uncancelled | AE58: CK01967003024260922000687 | AH58: OTHER | AO58: ชลบุรี | AP58: เมืองชลบุรี | AQ58: แสนสุข | AR58: ชลบุรี/ Chonburi | AS58: เมืองชลบุรี/ Mueang Chon Buri | AT58: 20130 | AV58: 300 ร้านชินสิริ ตรงข้ามธนาคารกรุงไทย ถนนสุขุมวิท | AW58: จิตตมาศ (เนอส) | AX58: 0639542426 | AZ58: 20130 | BL58: openapi | BV58: Express delivery | CB58: 3 | CC58: 2 | CO58: 2.16 | CS58: ACCEPT | CT58: 000001 | CU58: PDRN面霜 | CV58: SKINTIFIC-351 | CW58: 4897147691323 | CX58: 件 | CY58: 件 | CZ58: 2 | DA58: 2 | DD58: 2 | EC58: ZP | EE58: TH01 | EN58: OTHER
A59: KOO26092200140 | C59: 00000000000000000000 | E59: OTHER | G59: stockout_allocated | H59: 3 | J59: order_allocate | K59: KOL订单 | L59: 2026-09-22 08:01:27 | N59: 00000000000000000000 | O59: KOL | P59: TH01 | Q59: B2C | S59: unnecessary | T59: TH01 | W59: N | X59: N | Y59: intercept_action_nostart | Z59: uncancelled | AE59: CK01967003024260922000687 | AH59: OTHER | AO59: ชลบุรี | AP59: เมืองชลบุรี | AQ59: แสนสุข | AR59: ชลบุรี/ Chonburi | AS59: เมืองชลบุรี/ Mueang Chon Buri | AT59: 20130 | AV59: 300 ร้านชินสิริ ตรงข้ามธนาคารกรุงไทย ถนนสุขุมวิท | AW59: จิตตมาศ (เนอส) | AX59: 0639542426 | AZ59: 20130 | BL59: openapi | BV59: Express delivery | CB59: 3 | CC59: 2 | CO59: 2.16 | CS59: ACCEPT | CT59: 000002 | CU59: PDRN RADIANCE BRIGHT SERUM SPRAY | CV59: SKINTIFIC-388 | CW59: 4897147693372 | CX59: 件 | CY59: 件 | CZ59: 1 | DA59: 1 | DD59: 1 | EC59: ZP | EE59: TH01 | EI59: S-388 | EN59: OTHER
A60: KOO26092200141 | C60: 00000000000000000000 | E60: OTHER | G60: stockout_allocated | H60: 3 | J60: order_allocate | K60: KOL订单 | L60: 2026-09-22 08:01:27 | N60: 00000000000000000000 | O60: KOL | P60: TH01 | Q60: B2C | S60: unnecessary | T60: TH01 | W60: N | X60: N | Y60: intercept_action_nostart | Z60: uncancelled | AE60: CK01967003024260922000688 | AH60: OTHER | AO60: จังหวัดกรุงเทพมหานคร | AP60: เขตจตุจักร | AQ60: ลาดยาว | AR60: กรุงเทพมหานคร/ Bangkok | AS60: จตุจักร/ Chatuchak | AT60: 10900 | AV60: อาคารเบญจศรีวิภาวดี เลขที่ 225/183 ชั้น 16 ถนน งามวงศ์วาน | AW60: ปิยรัฐ เพ็งศรี | AX60: 0927869901 | AZ60: 10900 | BL60: openapi | BV60: Express delivery | CB60: 3 | CC60: 1 | CO60: 357 | CS60: ACCEPT | CT60: 000001 | CU60: 5X CERAMIDE BARRIER REPAIR MOISTURE GEL | CV60: SKINTIFIC-05 | CW60: 7554411566554 | CX60: 件 | CY60: 件 | CZ60: 3 | DA60: 3 | DD60: 3 | EC60: ZP | EE60: TH01 | EI60: S-05 | EN60: OTHER
A61: KOO26092200142 | C61: 00000000000000000000 | E61: OTHER | G61: stockout_allocated | H61: 3 | J61: order_allocate | K61: KOL订单 | L61: 2026-09-22 08:01:27 | N61: 00000000000000000000 | O61: KOL | P61: TH01 | Q61: B2C | S61: unnecessary | T61: TH01 | W61: N | X61: N | Y61: intercept_action_nostart | Z61: uncancelled | AE61: CK01967003024260922000689 | AH61: OTHER | AO61: ปทุมธานี | AP61: อำเภอคลองหลวง | AQ61: คลองหลวง | AR61: ปทุมธานี/ Pathum Thani | AS61: คลองหลวง/ Khlong Luang | AT61: 12120 | AV61: บ้านเลขที่16.ม.6 ซอยบงกช19 ถนนเลียบคลองสอง | AW61: เเบม เบอร์ 0933366903 | AX61: 0933366903 | AZ61: 12120 | BL61: openapi | BV61: Express delivery | CB61: 1 | CC61: 1 | CS61: ACCEPT | CT61: 000001 | CU61: 粉底棒 01N Natural Vanilla | CV61: SKINTIFIC-32101N | CW61: 4897147694041 | CX61: 件 | CY61: 件 | CZ61: 1 | DA61: 1 | DD61: 1 | EC61: ZP | EE61: TH01 | EN61: OTHER
A62: KOO26092200143 | C62: 00000000000000000000 | E62: OTHER | G62: stockout_allocated | H62: 3 | J62: order_allocate | K62: KOL订单 | L62: 2026-09-22 08:01:28 | N62: 00000000000000000000 | O62: KOL | P62: TH01 | Q62: B2C | S62: unnecessary | T62: TH01 | W62: N | X62: N | Y62: intercept_action_nostart | Z62: uncancelled | AE62: CK01967003024260922000690 | AH62: OTHER | AO62: ระยอง | AP62: เมืองระยอง | AQ62: เนินพระ | AR62: ระยอง/ Rayong | AS62: เมืองระยอง/ Mueang Rayong | AT62: 21000 | AV62: 9/70 คอนโดเดอะซิตี้ ลิฟวิ่ง ซอยไพบูลย์นิมิตสุข ถนนสุขุมวิท | AW62: ทศพล จันทะรักษา | AX62: 0957955514 | AZ62: 21000 | BL62: openapi | BV62: Express delivery | CB62: 1 | CC62: 1 | CO62: 68.4 | CS62: ACCEPT | CT62: 000001 | CU62: Matte Fit Serum Sunscreen | CV62: SKINTIFIC-201 | CW62: 810114871867 | CX62: 件 | CY62: 件 | CZ62: 1 | DA62: 1 | DD62: 1 | EC62: ZP | EE62: TH01 | EI62: S-201 | EN62: OTHER
A63: KOO26092200144 | C63: 00000000000000000000 | E63: OTHER | G63: stockout_allocated | H63: 3 | J63: order_allocate | K63: KOL订单 | L63: 2026-09-22 08:01:28 | N63: 00000000000000000000 | O63: KOL | P63: TH01 | Q63: B2C | S63: unnecessary | T63: TH01 | W63: N | X63: N | Y63: intercept_action_nostart | Z63: uncancelled | AE63: CK01967003024260922000691 | AH63: OTHER | AO63: ชลบุรี | AP63: อำเภอสัตหีบ | AQ63: ตำบล พลูตาหลวง | AR63: ชลบุรี/ Chonburi | AS63: สัตหีบ/ Sattahip | AT63: 20180 | AV63: 120 หมู่ที่ 4 ซอย พลูตาหลวง 28 | AW63: กิดากานต์ ก้อนทอง | AX63: 0818591102 | AZ63: 20180 | BL63: openapi | BV63: Express delivery | CB63: 1 | CC63: 1 | CO63: 1.2 | CS63: ACCEPT | CT63: 000001 | CU63: Niacinamide Brightening Daily Mask | CV63: SKINTIFIC-31001 | CW63: 4897147691262 | CX63: 件 | CY63: 件 | CZ63: 1 | DA63: 1 | DD63: 1 | EC63: ZP | EE63: TH01 | EN63: OTHER
A64: KOO26092200145 | C64: 00000000000000000000 | E64: OTHER | G64: stockout_allocated | H64: 3 | J64: order_allocate | K64: KOL订单 | L64: 2026-09-22 08:01:28 | N64: 00000000000000000000 | O64: KOL | P64: TH01 | Q64: B2C | S64: unnecessary | T64: TH01 | W64: N | X64: N | Y64: intercept_action_nostart | Z64: uncancelled | AE64: CK01967003024260922000692 | AH64: OTHER | AO64: จังหวัดเชียงใหม่ | AP64: อำเภอหางดง | AQ64: สันผักหวาน | AR64: เชียงใหม่/ Chiang Mai | AS64: หางดง/ Hang Dong | AT64: 50230 | AV64: 221/261 หมู่บ้านกาญกนกวิลล์18 ต.สันผักหวาน อ.หางดง จ.เชียงใหม่ 50230 | AW64: ชลิดา ดาเนียส | AX64: 0644871615 | AZ64: 50230 | BL64: openapi | BV64: Express delivery | CB64: 2 | CC64: 2 | CO64: 159 | CS64: ACCEPT | CT64: 000001 | CU64: SKINTIFIC-1341N | CV64: SKINTIFIC-1341N | CW64: 810114872253 | CX64: 件 | CY64: 件 | CZ64: 1 | DA64: 1 | DD64: 1 | EC64: ZP | EE64: TH01 | EN64: OTHER
A65: KOO26092200145 | C65: 00000000000000000000 | E65: OTHER | G65: stockout_allocated | H65: 3 | J65: order_allocate | K65: KOL订单 | L65: 2026-09-22 08:01:28 | N65: 00000000000000000000 | O65: KOL | P65: TH01 | Q65: B2C | S65: unnecessary | T65: TH01 | W65: N | X65: N | Y65: intercept_action_nostart | Z65: uncancelled | AE65: CK01967003024260922000692 | AH65: OTHER | AO65: จังหวัดเชียงใหม่ | AP65: อำเภอหางดง | AQ65: สันผักหวาน | AR65: เชียงใหม่/ Chiang Mai | AS65: หางดง/ Hang Dong | AT65: 50230 | AV65: 221/261 หมู่บ้านกาญกนกวิลล์18 ต.สันผักหวาน อ.หางดง จ.เชียงใหม่ 50230 | AW65: ชลิดา ดาเนียส | AX65: 0644871615 | AZ65: 50230 | BL65: openapi | BV65: Express delivery | CB65: 2 | CC65: 2 | CO65: 159 | CS65: ACCEPT | CT65: 000002 | CU65: SKINTIFIC PERFECT STAY VELVET MATTE CUSHION 02N Natural Ivory | CV65: SKINTIFIC-1342N | CW65: 810114872277 | CX65: 件 | CY65: 件 | CZ65: 1 | DA65: 1 | DD65: 1 | EC65: ZP | EE65: TH01 | EI65: S-1342N | EN65: OTHER
A66: KOO26092200146 | C66: 00000000000000000000 | E66: OTHER | G66: stockout_allocated | H66: 3 | J66: order_allocate | K66: KOL订单 | L66: 2026-09-22 08:01:29 | N66: 00000000000000000000 | O66: KOL | P66: TH01 | Q66: B2C | S66: unnecessary | T66: TH01 | W66: N | X66: N | Y66: intercept_action_nostart | Z66: uncancelled | AE66: CK01967003024260922000693 | AH66: OTHER | AO66: จังหวัดหนองคาย | AP66: อำเภอเมืองหนองคาย | AQ66: หินโงม | AR66: หนองคาย/ Nong Khai | AS66: เมืองหนองคาย/ Mueang Nong Khai | AT66: 43000 | AV66: 253/1 ซอย6 ตบ. หินโงม อ.เมือง จ.หนองคาย 43000 เข้าทางหน้าซอยบ้านหลังสุดท้ายสีเขียวมิ้นต์ (ขวามือ) | AW66: กมนตา กินเสน | AX66: 0996300939 | AZ66: 43000 | BL66: openapi | BV66: Express delivery | CB66: 1 | CC66: 1 | CS66: ACCEPT | CT66: 000001 | CU66: 粉底棒 02N Natural Ivory | CV66: SKINTIFIC-32102N | CW66: 4897147694058 | CX66: 件 | CY66: 件 | CZ66: 1 | DA66: 1 | DD66: 1 | EC66: ZP | EE66: TH01 | EN66: OTHER
A67: KOO26092200147 | C67: 00000000000000000000 | E67: OTHER | G67: stockout_allocated | H67: 3 | J67: order_allocate | K67: KOL订单 | L67: 2026-09-22 08:01:29 | N67: 00000000000000000000 | O67: KOL | P67: TH01 | Q67: B2C | S67: unnecessary | T67: TH01 | W67: N | X67: N | Y67: intercept_action_nostart | Z67: uncancelled | AE67: CK01967003024260922000694 | AH67: OTHER | AO67: ปทุมธานี | AP67: เขตลำลูกกา | AQ67: แขวงคูคต | AR67: ปทุมธานี/ Pathum Thani | AS67: ลำลูกกา/ Lam Luk Ka | AT67: 12130 | AV67: 48/126 หมู่บ้านลลินทาวน์ ไลโอ ลำลูกกา คลอง2 | AW67: K.ฮารีวิว | AX67: 0910140511 | AZ67: 12130 | BL67: openapi | BV67: Express delivery | CB67: 1 | CC67: 1 | CO67: 119 | CS67: ACCEPT | CT67: 000001 | CU67: 5X CERAMIDE BARRIER REPAIR MOISTURE GEL | CV67: SKINTIFIC-05 | CW67: 7554411566554 | CX67: 件 | CY67: 件 | CZ67: 1 | DA67: 1 | DD67: 1 | EC67: ZP | EE67: TH01 | EI67: S-05 | EN67: OTHER
A68: KOO26092200148 | C68: 00000000000000000000 | E68: OTHER | G68: stockout_allocated | H68: 3 | J68: order_allocate | K68: KOL订单 | L68: 2026-09-22 08:01:29 | N68: 00000000000000000000 | O68: KOL | P68: TH01 | Q68: B2C | S68: unnecessary | T68: TH01 | W68: N | X68: N | Y68: intercept_action_nostart | Z68: uncancelled | AE68: CK01967003024260922000695 | AH68: OTHER | AO68: นนทบุรี | AP68: บางบัวทอง | AQ68: ลำโพ | AR68: นนทบุรี/ Nonthaburi | AS68: บางบัวทอง/ Bang Bua Thong | AT68: 11110 | AV68: 109/141 บ.อริสรา5 ต.ลำโพ อ.บางบัวทอง จ.นนทบุรี 11110 | AW68: ดาวใจ สุดบุญมา | AX68: 0860908757 | AZ68: 11110 | BL68: openapi | BV68: Express delivery | CB68: 4 | CC68: 2 | CS68: ACCEPT | CT68: 000001 | CU68: ULTRA COVER WEIGHTLESS COLOR CORRECTOR SKY BLUE | CV68: SKINTIFIC-492001 | CW68: 4897147695994 | CX68: 件 | CY68: 件 | CZ68: 2 | DA68: 2 | DD68: 2 | EC68: ZP | EE68: TH01 | EN68: OTHER
A69: KOO26092200148 | C69: 00000000000000000000 | E69: OTHER | G69: stockout_allocated | H69: 3 | J69: order_allocate | K69: KOL订单 | L69: 2026-09-22 08:01:29 | N69: 00000000000000000000 | O69: KOL | P69: TH01 | Q69: B2C | S69: unnecessary | T69: TH01 | W69: N | X69: N | Y69: intercept_action_nostart | Z69: uncancelled | AE69: CK01967003024260922000695 | AH69: OTHER | AO69: นนทบุรี | AP69: บางบัวทอง | AQ69: ลำโพ | AR69: นนทบุรี/ Nonthaburi | AS69: บางบัวทอง/ Bang Bua Thong | AT69: 11110 | AV69: 109/141 บ.อริสรา5 ต.ลำโพ อ.บางบัวทอง จ.นนทบุรี 11110 | AW69: ดาวใจ สุดบุญมา | AX69: 0860908757 | AZ69: 11110 | BL69: openapi | BV69: Express delivery | CB69: 4 | CC69: 2 | CS69: ACCEPT | CT69: 000002 | CU69: ULTRA COVER WEIGHTLESS COLOR CORRECTOR PINK BLOSSOM | CV69: SKINTIFIC-492003 | CW69: 4897147696014 | CX69: 件 | CY69: 件 | CZ69: 2 | DA69: 2 | DD69: 2 | EC69: ZP | EE69: TH01 | EN69: OTHER
A70: KOO26092200149 | C70: 00000000000000000000 | E70: OTHER | G70: stockout_allocated | H70: 3 | J70: order_allocate | K70: KOL订单 | L70: 2026-09-22 08:01:30 | N70: 00000000000000000000 | O70: KOL | P70: TH01 | Q70: B2C | S70: unnecessary | T70: TH01 | W70: N | X70: N | Y70: intercept_action_nostart | Z70: uncancelled | AE70: CK01967003024260922000696 | AH70: OTHER | AO70: จังหวัดสงขลา | AP70: อำเภอสะเดา | AQ70: พังลา | AR70: สงขลา/ Songkhla | AS70: สะเดา/ Sadao | AT70: 90170 | AV70: 4 หมู่ 5 ถ.เทศบาลพัฒนา2 | AW70: ธัญกมล แซ่ซื้อ | AX70: 0814165369 | AZ70: 90170 | BL70: openapi | BV70: Express delivery | CB70: 2 | CC70: 2 | CS70: ACCEPT | CT70: 000001 | CU70: ULTRA COVER WEIGHTLESS COLOR CORRECTOR SKY BLUE | CV70: SKINTIFIC-492001 | CW70: 4897147695994 | CX70: 件 | CY70: 件 | CZ70: 1 | DA70: 1 | DD70: 1 | EC70: ZP | EE70: TH01 | EN70: OTHER
A71: KOO26092200149 | C71: 00000000000000000000 | E71: OTHER | G71: stockout_allocated | H71: 3 | J71: order_allocate | K71: KOL订单 | L71: 2026-09-22 08:01:30 | N71: 00000000000000000000 | O71: KOL | P71: TH01 | Q71: B2C | S71: unnecessary | T71: TH01 | W71: N | X71: N | Y71: intercept_action_nostart | Z71: uncancelled | AE71: CK01967003024260922000696 | AH71: OTHER | AO71: จังหวัดสงขลา | AP71: อำเภอสะเดา | AQ71: พังลา | AR71: สงขลา/ Songkhla | AS71: สะเดา/ Sadao | AT71: 90170 | AV71: 4 หมู่ 5 ถ.เทศบาลพัฒนา2 | AW71: ธัญกมล แซ่ซื้อ | AX71: 0814165369 | AZ71: 90170 | BL71: openapi | BV71: Express delivery | CB71: 2 | CC71: 2 | CS71: ACCEPT | CT71: 000002 | CU71: ULTRA COVER WEIGHTLESS COLOR CORRECTOR PINK BLOSSOM | CV71: SKINTIFIC-492003 | CW71: 4897147696014 | CX71: 件 | CY71: 件 | CZ71: 1 | DA71: 1 | DD71: 1 | EC71: ZP | EE71: TH01 | EN71: OTHER
A72: KOO26092200150 | C72: 00000000000000000000 | E72: OTHER | G72: stockout_allocated | H72: 3 | J72: order_allocate | K72: KOL订单 | L72: 2026-09-22 08:01:30 | N72: 00000000000000000000 | O72: KOL | P72: TH01 | Q72: B2C | S72: unnecessary | T72: TH01 | W72: N | X72: N | Y72: intercept_action_nostart | Z72: uncancelled | AE72: CK01967003024260922000697 | AH72: OTHER | AO72: จังหวัดสมุทรปราการ | AP72: อำเภอเมืองสมุทรปราการ | AQ72: ท้ายบ้านใหม่ | AR72: สมุทรปราการ/ Samut Prakan | AS72: เมืองสมุทรปราการ/ Mueang Samut Prakan | AT72: 10280 | AV72: 11/220 หมู่บ้านศิวะนคร ซอย 2 หมู่ 8 | AW72: คุณไอซ์ | AX72: 0944987942 | AZ72: 10280 | BL72: openapi | BV72: Express delivery | CB72: 4 | CC72: 2 | CS72: ACCEPT | CT72: 000001 | CU72: ULTRA COVER WEIGHTLESS COLOR CORRECTOR SKY BLUE | CV72: SKINTIFIC-492001 | CW72: 4897147695994 | CX72: 件 | CY72: 件 | CZ72: 2 | DA72: 2 | DD72: 2 | EC72: ZP | EE72: TH01 | EN72: OTHER
A73: KOO26092200150 | C73: 00000000000000000000 | E73: OTHER | G73: stockout_allocated | H73: 3 | J73: order_allocate | K73: KOL订单 | L73: 2026-09-22 08:01:30 | N73: 00000000000000000000 | O73: KOL | P73: TH01 | Q73: B2C | S73: unnecessary | T73: TH01 | W73: N | X73: N | Y73: intercept_action_nostart | Z73: uncancelled | AE73: CK01967003024260922000697 | AH73: OTHER | AO73: จังหวัดสมุทรปราการ | AP73: อำเภอเมืองสมุทรปราการ | AQ73: ท้ายบ้านใหม่ | AR73: สมุทรปราการ/ Samut Prakan | AS73: เมืองสมุทรปราการ/ Mueang Samut Prakan | AT73: 10280 | AV73: 11/220 หมู่บ้านศิวะนคร ซอย 2 หมู่ 8 | AW73: คุณไอซ์ | AX73: 0944987942 | AZ73: 10280 | BL73: openapi | BV73: Express delivery | CB73: 4 | CC73: 2 | CS73: ACCEPT | CT73: 000002 | CU73: ULTRA COVER WEIGHTLESS COLOR CORRECTOR PINK BLOSSOM | CV73: SKINTIFIC-492003 | CW73: 4897147696014 | CX73: 件 | CY73: 件 | CZ73: 2 | DA73: 2 | DD73: 2 | EC73: ZP | EE73: TH01 | EN73: OTHER
A74: KOO26092200151 | C74: 00000000000000000000 | E74: OTHER | G74: stockout_allocated | H74: 3 | J74: order_allocate | K74: KOL订单 | L74: 2026-09-22 08:01:31 | N74: 00000000000000000000 | O74: KOL | P74: TH01 | Q74: B2C | S74: unnecessary | T74: TH01 | W74: N | X74: N | Y74: intercept_action_nostart | Z74: uncancelled | AE74: CK01967003024260922000698 | AH74: OTHER | AO74: จังหวัดสุราษฎร์ธานี | AP74: อำเภอเกาะสมุย | AQ74: แม่น้ำ | AR74: สุราษฎร์ธานี/ Surat Thani | AS74: เกาะสมุย/ Ko Samui | AT74: 84330 | AV74: บริษัท เมืองไทยแคปปิตอล จำกัด ( บ้านใต้ ) 26/17 หมู่ที่ 5 | AW74: ป๊อป (ณัฐวดี) | AX74: 0610802433 | AZ74: 84330 | BL74: openapi | BV74: Express delivery | CB74: 2 | CC74: 2 | CS74: ACCEPT | CT74: 000001 | CU74: ULTRA COVER WEIGHTLESS COLOR CORRECTOR SKY BLUE | CV74: SKINTIFIC-492001 | CW74: 4897147695994 | CX74: 件 | CY74: 件 | CZ74: 1 | DA74: 1 | DD74: 1 | EC74: ZP | EE74: TH01 | EN74: OTHER
A75: KOO26092200151 | C75: 00000000000000000000 | E75: OTHER | G75: stockout_allocated | H75: 3 | J75: order_allocate | K75: KOL订单 | L75: 2026-09-22 08:01:31 | N75: 00000000000000000000 | O75: KOL | P75: TH01 | Q75: B2C | S75: unnecessary | T75: TH01 | W75: N | X75: N | Y75: intercept_action_nostart | Z75: uncancelled | AE75: CK01967003024260922000698 | AH75: OTHER | AO75: จังหวัดสุราษฎร์ธานี | AP75: อำเภอเกาะสมุย | AQ75: แม่น้ำ | AR75: สุราษฎร์ธานี/ Surat Thani | AS75: เกาะสมุย/ Ko Samui | AT75: 84330 | AV75: บริษัท เมืองไทยแคปปิตอล จำกัด ( บ้านใต้ ) 26/17 หมู่ที่ 5 | AW75: ป๊อป (ณัฐวดี) | AX75: 0610802433 | AZ75: 84330 | BL75: openapi | BV75: Express delivery | CB75: 2 | CC75: 2 | CS75: ACCEPT | CT75: 000002 | CU75: ULTRA COVER WEIGHTLESS COLOR CORRECTOR PINK BLOSSOM | CV75: SKINTIFIC-492003 | CW75: 4897147696014 | CX75: 件 | CY75: 件 | CZ75: 1 | DA75: 1 | DD75: 1 | EC75: ZP | EE75: TH01 | EN75: OTHER
A76: KOO26092200152 | C76: 00000000000000000000 | E76: OTHER | G76: stockout_allocated | H76: 3 | J76: order_allocate | K76: KOL订单 | L76: 2026-09-22 08:01:31 | N76: 00000000000000000000 | O76: KOL | P76: TH01 | Q76: B2C | S76: unnecessary | T76: TH01 | W76: N | X76: N | Y76: intercept_action_nostart | Z76: uncancelled | AE76: CK01967003024260922000699 | AH76: OTHER | AO76: จังหวัดขอนแก่น | AP76: อำเภอเมืองขอนแก่น | AQ76: ศิลา | AR76: ขอนแก่น/ Khon Kaen | AS76: เมืองขอนแก่น/ Mueang Khon Kaen | AT76: 40000 | AV76: 899/57 หมู่บ้านศรีมงคล(หลังที่ 2 ขวามือ) หมู่ 12 ต.ศิลา อ.เมือง จ.ขอนแก่น 40000 | AW76: ชื่อ ภูวดล เทพคำราม (คุณเก่ง) | AX76: 0999796503 | AZ76: 40000 | BL76: openapi | BV76: Express delivery | CB76: 4 | CC76: 2 | CS76: ACCEPT | CT76: 000001 | CU76: ULTRA COVER WEIGHTLESS COLOR CORRECTOR SKY BLUE | CV76: SKINTIFIC-492001 | CW76: 4897147695994 | CX76: 件 | CY76: 件 | CZ76: 2 | DA76: 2 | DD76: 2 | EC76: ZP | EE76: TH01 | EN76: OTHER
A77: KOO26092200152 | C77: 00000000000000000000 | E77: OTHER | G77: stockout_allocated | H77: 3 | J77: order_allocate | K77: KOL订单 | L77: 2026-09-22 08:01:31 | N77: 00000000000000000000 | O77: KOL | P77: TH01 | Q77: B2C | S77: unnecessary | T77: TH01 | W77: N | X77: N | Y77: intercept_action_nostart | Z77: uncancelled | AE77: CK01967003024260922000699 | AH77: OTHER | AO77: จังหวัดขอนแก่น | AP77: อำเภอเมืองขอนแก่น | AQ77: ศิลา | AR77: ขอนแก่น/ Khon Kaen | AS77: เมืองขอนแก่น/ Mueang Khon Kaen | AT77: 40000 | AV77: 899/57 หมู่บ้านศรีมงคล(หลังที่ 2 ขวามือ) หมู่ 12 ต.ศิลา อ.เมือง จ.ขอนแก่น 40000 | AW77: ชื่อ ภูวดล เทพคำราม (คุณเก่ง) | AX77: 0999796503 | AZ77: 40000 | BL77: openapi | BV77: Express delivery | CB77: 4 | CC77: 2 | CS77: ACCEPT | CT77: 000002 | CU77: ULTRA COVER WEIGHTLESS COLOR CORRECTOR PINK BLOSSOM | CV77: SKINTIFIC-492003 | CW77: 4897147696014 | CX77: 件 | CY77: 件 | CZ77: 2 | DA77: 2 | DD77: 2 | EC77: ZP | EE77: TH01 | EN77: OTHER
A78: KOO26092200153 | C78: 00000000000000000000 | E78: OTHER | G78: stockout_allocated | H78: 3 | J78: order_allocate | K78: KOL订单 | L78: 2026-09-22 08:01:31 | N78: 00000000000000000000 | O78: KOL | P78: TH01 | Q78: B2C | S78: unnecessary | T78: TH01 | W78: N | X78: N | Y78: intercept_action_nostart | Z78: uncancelled | AE78: CK01967003024260922000700 | AH78: OTHER | AO78: กรุงเทพมหานคร | AP78: ห้วยขวาง | AQ78: สามเสนนอก | AR78: กรุงเทพมหานคร/ Bangkok | AS78: ห้วยขวาง/ Huai Khwang | AT78: 10310 | AV78: 1783/87 ซ.ลาดพร้าว 35/1 แขวงสามเสนนอก เขตห้วยขวาง กทม. 10310 | AW78: ทิชา ศรีสุข | AX78: 0955298898 | AZ78: 10310 | BL78: openapi | BV78: Express delivery | CB78: 2 | CC78: 2 | CS78: ACCEPT | CT78: 000001 | CU78: ULTRA COVER WEIGHTLESS COLOR CORRECTOR SKY BLUE | CV78: SKINTIFIC-492001 | CW78: 4897147695994 | CX78: 件 | CY78: 件 | CZ78: 1 | DA78: 1 | DD78: 1 | EC78: ZP | EE78: TH01 | EN78: OTHER
A79: KOO26092200153 | C79: 00000000000000000000 | E79: OTHER | G79: stockout_allocated | H79: 3 | J79: order_allocate | K79: KOL订单 | L79: 2026-09-22 08:01:31 | N79: 00000000000000000000 | O79: KOL | P79: TH01 | Q79: B2C | S79: unnecessary | T79: TH01 | W79: N | X79: N | Y79: intercept_action_nostart | Z79: uncancelled | AE79: CK01967003024260922000700 | AH79: OTHER | AO79: กรุงเทพมหานคร | AP79: ห้วยขวาง | AQ79: สามเสนนอก | AR79: กรุงเทพมหานคร/ Bangkok | AS79: ห้วยขวาง/ Huai Khwang | AT79: 10310 | AV79: 1783/87 ซ.ลาดพร้าว 35/1 แขวงสามเสนนอก เขตห้วยขวาง กทม. 10310 | AW79: ทิชา ศรีสุข | AX79: 0955298898 | AZ79: 10310 | BL79: openapi | BV79: Express delivery | CB79: 2 | CC79: 2 | CS79: ACCEPT | CT79: 000002 | CU79: ULTRA COVER WEIGHTLESS COLOR CORRECTOR PINK BLOSSOM | CV79: SKINTIFIC-492003 | CW79: 4897147696014 | CX79: 件 | CY79: 件 | CZ79: 1 | DA79: 1 | DD79: 1 | EC79: ZP | EE79: TH01 | EN79: OTHER
... A93: KOO26092200160 | C93: 00000000000000000000 | E93: OTHER | G93: stockout_allocated | H93: 3 | J93: order_allocate | K93: KOL订单 | L93: 2026-09-22 08:01:34 | N93: 00000000000000000000 | O93: KOL | P93: TH01 | Q93: B2C | S93: unnecessary | T93: TH01 | W93: N | X93: N | Y93: intercept_action_nostart | Z93: uncancelled | AE93: CK01967003024260922000707 | AH93: OTHER | AO93: จังหวัดระยอง | AP93: อำเภอนิคมพัฒนา | AQ93: มะขามคู่ | AR93: ระยอง/ Rayong | AS93: นิคมพัฒนา/ Nikhom Phatthana | AT93: 21180 | AV93: 116 ม.4 ต.มะขามคู่ อ.นิคมพัฒนา จ.ระยอง 21180 (หอพักJP House ห้องH6) | AW93: วารุณี หมื่นผาล | AX93: 0648583015 | AZ93: 21180 | BL93: openapi | BV93: Express delivery | CB93: 4 | CC93: 2 | CS93: ACCEPT | CT93: 000002 | CU93: ULTRA COVER WEIGHTLESS COLOR CORRECTOR PINK BLOSSOM | CV93: SKINTIFIC-492003 | CW93: 4897147696014 | CX93: 件 | CY93: 件 | CZ93: 2 | DA93: 2 | DD93: 2 | EC93: ZP | EE93: TH01 | EN93: OTHER
A94: KOO26092200161 | C94: 00000000000000000000 | E94: OTHER | G94: stockout_allocated | H94: 3 | J94: order_allocate | K94: KOL订单 | L94: 2026-09-22 08:01:34 | N94: 00000000000000000000 | O94: KOL | P94: TH01 | Q94: B2C | R94: นริศรา โหงวเกร็ด หมู่บ้านพฤกษา 28/1 บ้านเลขที่ 109/979 ซ. 10 ต.แพรกษาใหม่ อ.เมือง จ.สมุทรปราการ 10280 ( 0925937181 ) | S94: unnecessary | T94: TH01 | W94: N | X94: N | Y94: intercept_action_nostart | Z94: uncancelled | AE94: CK01967003024260922000708 | AH94: OTHER | AO94: จังหวัดสมุทรปราการ | AP94: อำเภอเมืองสมุทรปราการ | AQ94: แพรกษาใหม่ | AR94: สมุทรปราการ/ Samut Prakan | AS94: เมืองสมุทรปราการ/ Mueang Samut Prakan | AT94: 10280 | AV94: 109/979 หมู่บ้านพฤกษา28/1 ซ.10 ต.แพรกษาใหม่ อ.เมืองสมุทรปราการ | AW94: นริศรา โหงวเกร็ด | AX94: 0925937181 | AZ94: 10280 | BL94: openapi | BV94: Express delivery | CB94: 1 | CC94: 1 | CO94: 119 | CS94: ACCEPT | CT94: 000001 | CU94: 5X CERAMIDE BARRIER REPAIR MOISTURE GEL | CV94: SKINTIFIC-05 | CW94: 7554411566554 | CX94: 件 | CY94: 件 | CZ94: 1 | DA94: 1 | DD94: 1 | EC94: ZP | EE94: TH01 | EI94: S-05 | EN94: OTHER
A95: KOO26092200162 | C95: 00000000000000000000 | E95: OTHER | G95: stockout_allocated | H95: 3 | J95: order_allocate | K95: KOL订单 | L95: 2026-09-22 08:01:35 | N95: 00000000000000000000 | O95: KOL | P95: TH01 | Q95: B2C | S95: unnecessary | T95: TH01 | W95: N | X95: N | Y95: intercept_action_nostart | Z95: uncancelled | AE95: CK01967003024260922000709 | AH95: OTHER | AO95: ราชบุรี | AP95: เมือง | AQ95: หน้าเมือง | AR95: ราชบุรี/ Ratchaburi | AS95: เมืองราชบุรี/ Mueang Ratchaburi | AT95: 70000 | AV95: 328/42 อีซูซุประกิตเขาวัง ถนนเพชรเกษม ตำบลหน้าเมือง อำเภอเมือง จังหวัดราชบุรี 70000 | AW95: วิลาวัณย์ ทับยิ้ม | AX95: 0802294614 | AZ95: 70000 | BL95: openapi | BV95: Express delivery | CB95: 2 | CC95: 2 | CS95: ACCEPT | CT95: 000001 | CU95: ULTRA COVER WEIGHTLESS COLOR CORRECTOR SKY BLUE | CV95: SKINTIFIC-492001 | CW95: 4897147695994 | CX95: 件 | CY95: 件 | CZ95: 1 | DA95: 1 | DD95: 1 | EC95: ZP | EE95: TH01 | EN95: OTHER
A96: KOO26092200162 | C96: 00000000000000000000 | E96: OTHER | G96: stockout_allocated | H96: 3 | J96: order_allocate | K96: KOL订单 | L96: 2026-09-22 08:01:35 | N96: 00000000000000000000 | O96: KOL | P96: TH01 | Q96: B2C | S96: unnecessary | T96: TH01 | W96: N | X96: N | Y96: intercept_action_nostart | Z96: uncancelled | AE96: CK01967003024260922000709 | AH96: OTHER | AO96: ราชบุรี | AP96: เมือง | AQ96: หน้าเมือง | AR96: ราชบุรี/ Ratchaburi | AS96: เมืองราชบุรี/ Mueang Ratchaburi | AT96: 70000 | AV96: 328/42 อีซูซุประกิตเขาวัง ถนนเพชรเกษม ตำบลหน้าเมือง อำเภอเมือง จังหวัดราชบุรี 70000 | AW96: วิลาวัณย์ ทับยิ้ม | AX96: 0802294614 | AZ96: 70000 | BL96: openapi | BV96: Express delivery | CB96: 2 | CC96: 2 | CS96: ACCEPT | CT96: 000002 | CU96: ULTRA COVER WEIGHTLESS COLOR CORRECTOR PINK BLOSSOM | CV96: SKINTIFIC-492003 | CW96: 4897147696014 | CX96: 件 | CY96: 件 | CZ96: 1 | DA96: 1 | DD96: 1 | EC96: ZP | EE96: TH01 | EN96: OTHER
A97: KOO26092200163 | C97: 00000000000000000000 | E97: OTHER | G97: stockout_allocated | H97: 3 | J97: order_allocate | K97: KOL订单 | L97: 2026-09-22 08:01:35 | N97: 00000000000000000000 | O97: KOL | P97: TH01 | Q97: B2C | S97: unnecessary | T97: TH01 | W97: N | X97: N | Y97: intercept_action_nostart | Z97: uncancelled | AE97: CK01967003024260922000710 | AH97: OTHER | AO97: กระบี่ | AP97: คลองท่อม | AQ97: ห้วยน้ำขาว | AR97: กระบี่/ Krabi | AS97: คลองท่อม/ Khlong Thom | AT97: 81120 | AV97: 120/1 ม.7 ต. ห้วยน้ำขาว อ.คลองท่อม จ. กระบี่ 81120 | AW97: นูรีซัน เมืองบุตร | AX97: 0847472639 | AZ97: 81120 | BL97: openapi | BV97: Express delivery | CB97: 4 | CC97: 2 | CS97: ACCEPT | CT97: 000001 | CU97: ULTRA COVER WEIGHTLESS COLOR CORRECTOR SKY BLUE | CV97: SKINTIFIC-492001 | CW97: 4897147695994 | CX97: 件 | CY97: 件 | CZ97: 2 | DA97: 2 | DD97: 2 | EC97: ZP | EE97: TH01 | EN97: OTHER
A98: KOO26092200163 | C98: 00000000000000000000 | E98: OTHER | G98: stockout_allocated | H98: 3 | J98: order_allocate | K98: KOL订单 | L98: 2026-09-22 08:01:35 | N98: 00000000000000000000 | O98: KOL | P98: TH01 | Q98: B2C | S98: unnecessary | T98: TH01 | W98: N | X98: N | Y98: intercept_action_nostart | Z98: uncancelled | AE98: CK01967003024260922000710 | AH98: OTHER | AO98: กระบี่ | AP98: คลองท่อม | AQ98: ห้วยน้ำขาว | AR98: กระบี่/ Krabi | AS98: คลองท่อม/ Khlong Thom | AT98: 81120 | AV98: 120/1 ม.7 ต. ห้วยน้ำขาว อ.คลองท่อม จ. กระบี่ 81120 | AW98: นูรีซัน เมืองบุตร | AX98: 0847472639 | AZ98: 81120 | BL98: openapi | BV98: Express delivery | CB98: 4 | CC98: 2 | CS98: ACCEPT | CT98: 000002 | CU98: ULTRA COVER WEIGHTLESS COLOR CORRECTOR PINK BLOSSOM | CV98: SKINTIFIC-492003 | CW98: 4897147696014 | CX98: 件 | CY98: 件 | CZ98: 2 | DA98: 2 | DD98: 2 | EC98: ZP | EE98: TH01 | EN98: OTHER
A99: KOO26092200164 | C99: 00000000000000000000 | E99: OTHER | G99: stockout_allocated | H99: 3 | J99: order_allocate | K99: KOL订单 | L99: 2026-09-22 08:01:35 | N99: 00000000000000000000 | O99: KOL | P99: TH01 | Q99: B2C | S99: unnecessary | T99: TH01 | W99: N | X99: N | Y99: intercept_action_nostart | Z99: uncancelled | AE99: CK01967003024260922000711 | AH99: OTHER | AO99: จังหวัดกาฬสินธุ์ | AP99: อำเภอยางตลาด | AQ99: นาดี | AR99: กาฬสินธุ์/ Kalasin | AS99: ยางตลาด/ Yang Talat | AT99: 46120 | AV99: 136 หมู่ 7 บ้านหลุมข้าว ตำบลนาดี อำเภอยางตลาด จังหวัดกาฬสินธุ์ 46120 | AW99: พิมสิริ ภูจักนิล | AX99: 0655392294 | AZ99: 46120 | BL99: openapi | BV99: Express delivery | CB99: 2 | CC99: 2 | CS99: ACCEPT | CT99: 000001 | CU99: ULTRA COVER WEIGHTLESS COLOR CORRECTOR SKY BLUE | CV99: SKINTIFIC-492001 | CW99: 4897147695994 | CX99: 件 | CY99: 件 | CZ99: 1 | DA99: 1 | DD99: 1 | EC99: ZP | EE99: TH01 | EN99: OTHER
A100: KOO26092200164 | C100: 00000000000000000000 | E100: OTHER | G100: stockout_allocated | H100: 3 | J100: order_allocate | K100: KOL订单 | L100: 2026-09-22 08:01:35 | N100: 00000000000000000000 | O100: KOL | P100: TH01 | Q100: B2C | S100: unnecessary | T100: TH01 | W100: N | X100: N | Y100: intercept_action_nostart | Z100: uncancelled | AE100: CK01967003024260922000711 | AH100: OTHER | AO100: จังหวัดกาฬสินธุ์ | AP100: อำเภอยางตลาด | AQ100: นาดี | AR100: กาฬสินธุ์/ Kalasin | AS100: ยางตลาด/ Yang Talat | AT100: 46120 | AV100: 136 หมู่ 7 บ้านหลุมข้าว ตำบลนาดี อำเภอยางตลาด จังหวัดกาฬสินธุ์ 46120 | AW100: พิมสิริ ภูจักนิล | AX100: 0655392294 | AZ100: 46120 | BL100: openapi | BV100: Express delivery | CB100: 2 | CC100: 2 | CS100: ACCEPT | CT100: 000002 | CU100: ULTRA COVER WEIGHTLESS COLOR CORRECTOR PINK BLOSSOM | CV100: SKINTIFIC-492003 | CW100: 4897147696014 | CX100: 件 | CY100: 件 | CZ100: 1 | DA100: 1 | DD100: 1 | EC100: ZP | EE100: TH01 | EN100: OTHER
A101: KOO26092200165 | C101: 00000000000000000000 | E101: OTHER | G101: stockout_allocated | H101: 3 | J101: order_allocate | K101: KOL订单 | L101: 2026-09-22 08:01:36 | N101: 00000000000000000000 | O101: KOL | P101: TH01 | Q101: B2C | S101: unnecessary | T101: TH01 | W101: N | X101: N | Y101: intercept_action_nostart | Z101: uncancelled | AE101: CK01967003024260922000712 | AH101: OTHER | AO101: จังหวัดปทุมธานี | AP101: อำเภอเมืองปทุมธานี | AQ101: บางพูน | AR101: ปทุมธานี/ Pathum Thani | AS101: เมืองปทุมธานี/ Mueang Pathum Thani | AT101: 12000 | AV101: 57/1 ม.4 ซอย8 ต.บางพูน อ.เมือง จ.ปทุมธานี 12000 (ซอยตรงข้ามซีเจซุปเปอร์ บ้านแคบหมู) | AW101: คุณกาน | AX101: 0957859119 | AZ101: 12000 | BL101: openapi | BV101: Express delivery | CB101: 4 | CC101: 2 | CS101: ACCEPT | CT101: 000001 | CU101: ULTRA COVER WEIGHTLESS COLOR CORRECTOR SKY BLUE | CV101: SKINTIFIC-492001 | CW101: 4897147695994 | CX101: 件 | CY101: 件 | CZ101: 2 | DA101: 2 | DD101: 2 | EC101: ZP | EE101: TH01 | EN101: OTHER
A102: KOO26092200165 | C102: 00000000000000000000 | E102: OTHER | G102: stockout_allocated | H102: 3 | J102: order_allocate | K102: KOL订单 | L102: 2026-09-22 08:01:36 | N102: 00000000000000000000 | O102: KOL | P102: TH01 | Q102: B2C | S102: unnecessary | T102: TH01 | W102: N | X102: N | Y102: intercept_action_nostart | Z102: uncancelled | AE102: CK01967003024260922000712 | AH102: OTHER | AO102: จังหวัดปทุมธานี | AP102: อำเภอเมืองปทุมธานี | AQ102: บางพูน | AR102: ปทุมธานี/ Pathum Thani | AS102: เมืองปทุมธานี/ Mueang Pathum Thani | AT102: 12000 | AV102: 57/1 ม.4 ซอย8 ต.บางพูน อ.เมือง จ.ปทุมธานี 12000 (ซอยตรงข้ามซีเจซุปเปอร์ บ้านแคบหมู) | AW102: คุณกาน | AX102: 0957859119 | AZ102: 12000 | BL102: openapi | BV102: Express delivery | CB102: 4 | CC102: 2 | CS102: ACCEPT | CT102: 000002 | CU102: ULTRA COVER WEIGHTLESS COLOR CORRECTOR PINK BLOSSOM | CV102: SKINTIFIC-492003 | CW102: 4897147696014 | CX102: 件 | CY102: 件 | CZ102: 2 | DA102: 2 | DD102: 2 | EC102: ZP | EE102: TH01 | EN102: OTHER
A103: KOO26092200166 | C103: 00000000000000000000 | E103: OTHER | G103: stockout_allocated | H103: 3 | J103: order_allocate | K103: KOL订单 | L103: 2026-09-22 08:01:36 | N103: 00000000000000000000 | O103: KOL | P103: TH01 | Q103: B2C | S103: unnecessary | T103: TH01 | W103: N | X103: N | Y103: intercept_action_nostart | Z103: uncancelled | AE103: CK01967003024260922000713 | AH103: OTHER | AO103: จังหวัดกรุงเทพมหานคร | AP103: เขตดอนเมือง | AQ103: ดอนเมือง | AR103: กรุงเทพมหานคร/ Bangkok | AS103: ดอนเมือง/ Don Mueang | AT103: 10210 | AV103: 340/54 บ้านกลางเมือง วิภาวดี แจ้งวัฒนะ ถนน วัดเวฬุวนาราม | AW103: K.นันทนัช (ployheyha) | AX103: 0955159595 | AZ103: 10210 | BL103: openapi | BV103: Express delivery | CB103: 2 | CC103: 2 | CS103: ACCEPT | CT103: 000001 | CU103: ULTRA COVER WEIGHTLESS COLOR CORRECTOR SKY BLUE | CV103: SKINTIFIC-492001 | CW103: 4897147695994 | CX103: 件 | CY103: 件 | CZ103: 1 | DA103: 1 | DD103: 1 | EC103: ZP | EE103: TH01 | EN103: OTHER
A104: KOO26092200166 | C104: 00000000000000000000 | E104: OTHER | G104: stockout_allocated | H104: 3 | J104: order_allocate | K104: KOL订单 | L104: 2026-09-22 08:01:36 | N104: 00000000000000000000 | O104: KOL | P104: TH01 | Q104: B2C | S104: unnecessary | T104: TH01 | W104: N | X104: N | Y104: intercept_action_nostart | Z104: uncancelled | AE104: CK01967003024260922000713 | AH104: OTHER | AO104: จังหวัดกรุงเทพมหานคร | AP104: เขตดอนเมือง | AQ104: ดอนเมือง | AR104: กรุงเทพมหานคร/ Bangkok | AS104: ดอนเมือง/ Don Mueang | AT104: 10210 | AV104: 340/54 บ้านกลางเมือง วิภาวดี แจ้งวัฒนะ ถนน วัดเวฬุวนาราม | AW104: K.นันทนัช (ployheyha) | AX104: 0955159595 | AZ104: 10210 | BL104: openapi | BV104: Express delivery | CB104: 2 | CC104: 2 | CS104: ACCEPT | CT104: 000002 | CU104: ULTRA COVER WEIGHTLESS COLOR CORRECTOR PINK BLOSSOM | CV104: SKINTIFIC-492003 | CW104: 4897147696014 | CX104: 件 | CY104: 件 | CZ104: 1 | DA104: 1 | DD104: 1 | EC104: ZP | EE104: TH01 | EN104: OTHER
A105: KOO26092200167 | C105: 00000000000000000000 | E105: OTHER | G105: stockout_allocated | H105: 3 | J105: order_allocate | K105: KOL订单 | L105: 2026-09-22 08:01:36 | N105: 00000000000000000000 | O105: KOL | P105: TH01 | Q105: B2C | S105: unnecessary | T105: TH01 | W105: N | X105: N | Y105: intercept_action_nostart | Z105: uncancelled | AE105: CK01967003024260922000714 | AH105: OTHER | AO105: จังหวัดบุรีรัมย์ | AP105: อำเภอบ้านใหม่ไชยพจน์ | AQ105: หนองเยือง | AR105: บุรีรัมย์/ Buriram | AS105: บ้านใหม่ไชยพจน์/ Ban Mai Chaiyaphot | AT105: 31120 | AV105: 18/2 ม.5 ต.หนองเยือง อ.บ้านใหม่ไชยพจน์ จ.บุรีรัมย์ 31120 | AW105: (สินค้ารีวิว Affiliate)สุนิสา บุญเหลือ | AX105: 0971255706 | AZ105: 31120 | BL105: openapi | BV105: Express delivery | CB105: 4 | CC105: 2 | CS105: ACCEPT | CT105: 000001 | CU105: ULTRA COVER WEIGHTLESS COLOR CORRECTOR SKY BLUE | CV105: SKINTIFIC-492001 | CW105: 4897147695994 | CX105: 件 | CY105: 件 | CZ105: 2 | DA105: 2 | DD105: 2 | EC105: ZP | EE105: TH01 | EN105: OTHER
A106: KOO26092200167 | C106: 00000000000000000000 | E106: OTHER | G106: stockout_allocated | H106: 3 | J106: order_allocate | K106: KOL订单 | L106: 2026-09-22 08:01:36 | N106: 00000000000000000000 | O106: KOL | P106: TH01 | Q106: B2C | S106: unnecessary | T106: TH01 | W106: N | X106: N | Y106: intercept_action_nostart | Z106: uncancelled | AE106: CK01967003024260922000714 | AH106: OTHER | AO106: จังหวัดบุรีรัมย์ | AP106: อำเภอบ้านใหม่ไชยพจน์ | AQ106: หนองเยือง | AR106: บุรีรัมย์/ Buriram | AS106: บ้านใหม่ไชยพจน์/ Ban Mai Chaiyaphot | AT106: 31120 | AV106: 18/2 ม.5 ต.หนองเยือง อ.บ้านใหม่ไชยพจน์ จ.บุรีรัมย์ 31120 | AW106: (สินค้ารีวิว Affiliate)สุนิสา บุญเหลือ | AX106: 0971255706 | AZ106: 31120 | BL106: openapi | BV106: Express delivery | CB106: 4 | CC106: 2 | CS106: ACCEPT | CT106: 000002 | CU106: ULTRA COVER WEIGHTLESS COLOR CORRECTOR PINK BLOSSOM | CV106: SKINTIFIC-492003 | CW106: 4897147696014 | CX106: 件 | CY106: 件 | CZ106: 2 | DA106: 2 | DD106: 2 | EC106: ZP | EE106: TH01 | EN106: OTHER
A107: KOO26092200168 | C107: 00000000000000000000 | E107: OTHER | G107: stockout_allocated | H107: 3 | J107: order_allocate | K107: KOL订单 | L107: 2026-09-22 08:01:37 | N107: 00000000000000000000 | O107: KOL | P107: TH01 | Q107: B2C | S107: unnecessary | T107: TH01 | W107: N | X107: N | Y107: intercept_action_nostart | Z107: uncancelled | AE107: CK01967003024260922000715 | AH107: OTHER | AO107: จังหวัดกรุงเทพมหานคร | AP107: เขตบางนา | AQ107: บางนาเหนือ | AR107: กรุงเทพมหานคร/ Bangkok | AS107: บางนา/ Bang Na | AT107: 10260 | AV107: ไอดีโอ มิกซ์ สุขุมวิท 103 (9/101) ซอย อุดมสุข 3 | AW107: เสี้ยวลี่ | AX107: 0611720818 | AZ107: 10260 | BL107: openapi | BV107: Express delivery | CB107: 2 | CC107: 2 | CO107: 33.2 | CS107: ACCEPT | CT107: 000001 | CU107: 有色唇部精华07U | CV107: SKINTIFIC-1237U | CW107: 4897147693174 | CX107: 件 | CY107: 件 | CZ107: 1 | DA107: 1 | DD107: 1 | EC107: ZP | EE107: TH01 | EN107: OTHER
A108: KOO26092200168 | C108: 00000000000000000000 | E108: OTHER | G108: stockout_allocated | H108: 3 | J108: order_allocate | K108: KOL订单 | L108: 2026-09-22 08:01:37 | N108: 00000000000000000000 | O108: KOL | P108: TH01 | Q108: B2C | S108: unnecessary | T108: TH01 | W108: N | X108: N | Y108: intercept_action_nostart | Z108: uncancelled | AE108: CK01967003024260922000715 | AH108: OTHER | AO108: จังหวัดกรุงเทพมหานคร | AP108: เขตบางนา | AQ108: บางนาเหนือ | AR108: กรุงเทพมหานคร/ Bangkok | AS108: บางนา/ Bang Na | AT108: 10260 | AV108: ไอดีโอ มิกซ์ สุขุมวิท 103 (9/101) ซอย อุดมสุข 3 | AW108: เสี้ยวลี่ | AX108: 0611720818 | AZ108: 10260 | BL108: openapi | BV108: Express delivery | CB108: 2 | CC108: 2 | CO108: 33.2 | CS108: ACCEPT | CT108: 000002 | CU108: BRIGHTENING LIP SERUM FINE WINE | CV108: SKINTIFIC-12313U | CW108: 4897147693624 | CX108: 件 | CY108: 件 | CZ108: 1 | DA108: 1 | DD108: 1 | EC108: ZP | EE108: TH01 | EN108: OTHER
A109: KOO26092200169 | C109: 00000000000000000000 | E109: OTHER | G109: stockout_allocated | H109: 3 | J109: order_allocate | K109: KOL订单 | L109: 2026-09-22 08:01:37 | N109: 00000000000000000000 | O109: KOL | P109: TH01 | Q109: B2C | S109: unnecessary | T109: TH01 | W109: N | X109: N | Y109: intercept_action_nostart | Z109: uncancelled | AE109: CK01967003024260922000716 | AH109: OTHER | AO109: จังหวัดศรีสะเกษ | AP109: อำเภอกันทรลักษ์ | AQ109: หนองหญ้าลาด | AR109: ศรีสะเกษ/ Sisaket | AS109: กันทรลักษ์/ Kantharalak | AT109: 33110 | AV109: 232 พัฒนสิน3 ม.3 ต.หนองหญ้าลาด อ.กันทรลักษ์ จ.ศรีสะเกษ 33110 | AW109: Thanyalak H | AX109: 0874522498 | AZ109: 33110 | BL109: openapi | BV109: Express delivery | CB109: 2 | CC109: 2 | CS109: ACCEPT | CT109: 000001 | CU109: ULTRA COVER WEIGHTLESS COLOR CORRECTOR SKY BLUE | CV109: SKINTIFIC-492001 | CW109: 4897147695994 | CX109: 件 | CY109: 件 | CZ109: 1 | DA109: 1 | DD109: 1 | EC109: ZP | EE109: TH01 | EN109: OTHER
A110: KOO26092200169 | C110: 00000000000000000000 | E110: OTHER | G110: stockout_allocated | H110: 3 | J110: order_allocate | K110: KOL订单 | L110: 2026-09-22 08:01:37 | N110: 00000000000000000000 | O110: KOL | P110: TH01 | Q110: B2C | S110: unnecessary | T110: TH01 | W110: N | X110: N | Y110: intercept_action_nostart | Z110: uncancelled | AE110: CK01967003024260922000716 | AH110: OTHER | AO110: จังหวัดศรีสะเกษ | AP110: อำเภอกันทรลักษ์ | AQ110: หนองหญ้าลาด | AR110: ศรีสะเกษ/ Sisaket | AS110: กันทรลักษ์/ Kantharalak | AT110: 33110 | AV110: 232 พัฒนสิน3 ม.3 ต.หนองหญ้าลาด อ.กันทรลักษ์ จ.ศรีสะเกษ 33110 | AW110: Thanyalak H | AX110: 0874522498 | AZ110: 33110 | BL110: openapi | BV110: Express delivery | CB110: 2 | CC110: 2 | CS110: ACCEPT | CT110: 000002 | CU110: ULTRA COVER WEIGHTLESS COLOR CORRECTOR PINK BLOSSOM | CV110: SKINTIFIC-492003 | CW110: 4897147696014 | CX110: 件 | CY110: 件 | CZ110: 1 | DA110: 1 | DD110: 1 | EC110: ZP | EE110: TH01 | EN110: OTHER
A111: KOO26092200170 | C111: 00000000000000000000 | E111: OTHER | G111: stockout_allocated | H111: 3 | J111: order_allocate | K111: KOL订单 | L111: 2026-09-22 08:01:37 | N111: 00000000000000000000 | O111: KOL | P111: TH01 | Q111: B2C | S111: unnecessary | T111: TH01 | W111: N | X111: N | Y111: intercept_action_nostart | Z111: uncancelled | AE111: CK01967003024260922000717 | AH111: OTHER | AO111: ลำปาง | AP111: เมืองลำปาง | AQ111: ปงแสนทอง | AR111: ลำปาง/ Lampang | AS111: เมืองลำปาง/ Mueang Lampang | AT111: 52100 | AV111: 621/5 ม.8 ต.ปงแสนทอง อ.เมือง จ.ลำปาง 52100 | AW111: จันจิรา รินนานนท์ | AX111: 0873559426 | AZ111: 52100 | BL111: openapi | BV111: Express delivery | CB111: 2 | CC111: 2 | CS111: ACCEPT | CT111: 000001 | CU111: ULTRA COVER WEIGHTLESS COLOR CORRECTOR SKY BLUE | CV111: SKINTIFIC-492001 | CW111: 4897147695994 | CX111: 件 | CY111: 件 | CZ111: 1 | DA111: 1 | DD111: 1 | EC111: ZP | EE111: TH01 | EN111: OTHER
A112: KOO26092200170 | C112: 00000000000000000000 | E112: OTHER | G112: stockout_allocated | H112: 3 | J112: order_allocate | K112: KOL订单 | L112: 2026-09-22 08:01:37 | N112: 00000000000000000000 | O112: KOL | P112: TH01 | Q112: B2C | S112: unnecessary | T112: TH01 | W112: N | X112: N | Y112: intercept_action_nostart | Z112: uncancelled | AE112: CK01967003024260922000717 | AH112: OTHER | AO112: ลำปาง | AP112: เมืองลำปาง | AQ112: ปงแสนทอง | AR112: ลำปาง/ Lampang | AS112: เมืองลำปาง/ Mueang Lampang | AT112: 52100 | AV112: 621/5 ม.8 ต.ปงแสนทอง อ.เมือง จ.ลำปาง 52100 | AW112: จันจิรา รินนานนท์ | AX112: 0873559426 | AZ112: 52100 | BL112: openapi | BV112: Express delivery | CB112: 2 | CC112: 2 | CS112: ACCEPT | CT112: 000002 | CU112: ULTRA COVER WEIGHTLESS COLOR CORRECTOR PINK BLOSSOM | CV112: SKINTIFIC-492003 | CW112: 4897147696014 | CX112: 件 | CY112: 件 | CZ112: 1 | DA112: 1 | DD112: 1 | EC112: ZP | EE112: TH01 | EN112: OTHER
A113: KOO26092200171 | C113: 00000000000000000000 | E113: OTHER | G113: stockout_allocated | H113: 3 | J113: order_allocate | K113: KOL订单 | L113: 2026-09-22 08:01:38 | N113: 00000000000000000000 | O113: KOL | P113: TH01 | Q113: B2C | S113: unnecessary | T113: TH01 | W113: N | X113: N | Y113: intercept_action_nostart | Z113: uncancelled | AE113: CK01967003024260922000718 | AH113: OTHER | AO113: จังหวัดลพบุรี | AP113: อำเภอท่าหลวง | AQ113: ทะเลวังวัด | AR113: ลพบุรี/ Lopburi | AS113: ท่าหลวง/ Tha Luang | AT113: 15230 | AV113: ที่อยู่ : บิงซู 74/2 ม.2 ต.ทะเลวังวัด อ.ท่าหลวง จ.ลพบุรี 15230 | AW113: "อาร์ม ชื่อ : บิงซู " | AX113: 0931207192 | AZ113: 15230 | BL113: openapi | BV113: Express delivery | CB113: 2 | CC113: 2 | CS113: ACCEPT | CT113: 000001 | CU113: ULTRA COVER WEIGHTLESS COLOR CORRECTOR SKY BLUE | CV113: SKINTIFIC-492001 | CW113: 4897147695994 | CX113: 件 | CY113: 件 | CZ113: 1 | DA113: 1 | DD113: 1 | EC113: ZP | EE113: TH01 | EN113: OTHER
...

Sheet ข้อมูลจังหวัด-อำเภอ
A1: จังหวัด | B1: เขต/อำเภอ | C1: จังหวัด | D1: เขต/อำเภอ | Q1: เขต/อำเภอ | R1: Name | S1: จังหวัด | T1: จังหวัด | U1: Name | W1: 级 | X1: Superior Address | Y1: Address Alias Name | Z1: Create/Update Time | AA1: Operation
C2: =ข้อมูลออเดอร์!AR2 -> กรุงเทพมหานคร/ Bangkok | D2: =ข้อมูลออเดอร์!AS2 -> ห้วยขวาง/ Huai Khwang | E2: =SUBSTITUTE(A2,"กทม.","กรุงเทพมหานคร") | F2: =SUBSTITUTE(E2,"กทม","กรุงเทพมหานคร") | G2: =SUBSTITUTE(F2,"กรุงเทพฯ","กรุงเทพ") | H2: =SUBSTITUTE(G2,"bkk","กรุงเทพมหานคร") | I2: =SUBSTITUTE(H2,"Bangkok","กรุงเทพมหานคร") | J2: =SUBSTITUTE(I2,"จ.","") | K2: =SUBSTITUTE(J2,"จังหวัด","") | L2: =IF(K2="กรุงเทพ","กรุงเทพมหานคร",K2) | M2: =SUBSTITUTE(B2,"เขต","") | N2: =SUBSTITUTE(M2,"อ.","") | O2: =SUBSTITUTE(N2,"อำเภอ","") | P2: =IF(O2="เมือง",O2&L2,O2) | Q2: เกาะลันตา | R2: เกาะลันตา/ Ko Lanta | S2: กระบี่ | T2: กระบี่/ Krabi | U2: เกาะลันตา | V2: Ko Lanta | W2: City | X2: กระบี่/ Krabi | Y2: เกาะลันตา / FLASH | Z2: 44090.753 | AA2: Add Address Alias Name
C3: =ข้อมูลออเดอร์!AR3 -> กรุงเทพมหานคร/ Bangkok | D3: =ข้อมูลออเดอร์!AS3 -> ห้วยขวาง/ Huai Khwang | E3: =SUBSTITUTE(A3,"กทม.","กรุงเทพมหานคร") | F3: =SUBSTITUTE(E3,"กทม","กรุงเทพมหานคร") | G3: =SUBSTITUTE(F3,"กรุงเทพฯ","กรุงเทพ") | H3: =SUBSTITUTE(G3,"bkk","กรุงเทพมหานคร") | I3: =SUBSTITUTE(H3,"Bangkok","กรุงเทพมหานคร") | J3: =SUBSTITUTE(I3,"จ.","") | K3: =SUBSTITUTE(J3,"จังหวัด","") | L3: =IF(K3="กรุงเทพ","กรุงเทพมหานคร",K3) | M3: =SUBSTITUTE(B3,"เขต","") | N3: =SUBSTITUTE(M3,"อ.","") | O3: =SUBSTITUTE(N3,"อำเภอ","") | P3: =IF(O3="เมือง",O3&L3,O3) | Q3: เขาพนม | R3: เขาพนม/ Khao Phanom | S3: กาญจนบุรี | T3: กาญจนบุรี/ Kanchanaburi | U3: เขาพนม | V3: Khao Phanom | W3: City | X3: กระบี่/ Krabi | Y3: เขาพนม / FLASH | Z3: 44090.753 | AA3: Add Address Alias Name
C4: =ข้อมูลออเดอร์!AR4 -> ตราด/ Trat | D4: =ข้อมูลออเดอร์!AS4 -> บ่อไร่/ Bo Rai | E4: =SUBSTITUTE(A4,"กทม.","กรุงเทพมหานคร") | F4: =SUBSTITUTE(E4,"กทม","กรุงเทพมหานคร") | G4: =SUBSTITUTE(F4,"กรุงเทพฯ","กรุงเทพ") | H4: =SUBSTITUTE(G4,"bkk","กรุงเทพมหานคร") | I4: =SUBSTITUTE(H4,"Bangkok","กรุงเทพมหานคร") | J4: =SUBSTITUTE(I4,"จ.","") | K4: =SUBSTITUTE(J4,"จังหวัด","") | L4: =IF(K4="กรุงเทพ","กรุงเทพมหานคร",K4) | M4: =SUBSTITUTE(B4,"เขต","") | N4: =SUBSTITUTE(M4,"อ.","") | O4: =SUBSTITUTE(N4,"อำเภอ","") | P4: =IF(O4="เมือง",O4&L4,O4) | Q4: คลองท่อม | R4: คลองท่อม/ Khlong Thom | S4: กาฬสินธุ์ | T4: กาฬสินธุ์/ Kalasin | U4: คลองท่อม | V4: Khlong Thom | W4: City | X4: กระบี่/ Krabi | Y4: คลองท่อม / FLASH | Z4: 44090.753 | AA4: Add Address Alias Name
C5: =ข้อมูลออเดอร์!AR5 -> ตราด/ Trat | D5: =ข้อมูลออเดอร์!AS5 -> บ่อไร่/ Bo Rai | E5: =SUBSTITUTE(A5,"กทม.","กรุงเทพมหานคร") | F5: =SUBSTITUTE(E5,"กทม","กรุงเทพมหานคร") | G5: =SUBSTITUTE(F5,"กรุงเทพฯ","กรุงเทพ") | H5: =SUBSTITUTE(G5,"bkk","กรุงเทพมหานคร") | I5: =SUBSTITUTE(H5,"Bangkok","กรุงเทพมหานคร") | J5: =SUBSTITUTE(I5,"จ.","") | K5: =SUBSTITUTE(J5,"จังหวัด","") | L5: =IF(K5="กรุงเทพ","กรุงเทพมหานคร",K5) | M5: =SUBSTITUTE(B5,"เขต","") | N5: =SUBSTITUTE(M5,"อ.","") | O5: =SUBSTITUTE(N5,"อำเภอ","") | P5: =IF(O5="เมือง",O5&L5,O5) | Q5: ปลายพระยา | R5: ปลายพระยา/ Plai Phraya | S5: กำแพงเพชร | T5: กำแพงเพชร/ Kamphaeng Phet | U5: ปลายพระยา | V5: Plai Phraya | W5: City | X5: กระบี่/ Krabi | Y5: ปลายพระยา / FLASH | Z5: 44090.753 | AA5: Add Address Alias Name
C6: =ข้อมูลออเดอร์!AR6 -> ชลบุรี/ Chonburi | D6: =ข้อมูลออเดอร์!AS6 -> บางละมุง/ Bang Lamung | E6: =SUBSTITUTE(A6,"กทม.","กรุงเทพมหานคร") | F6: =SUBSTITUTE(E6,"กทม","กรุงเทพมหานคร") | G6: =SUBSTITUTE(F6,"กรุงเทพฯ","กรุงเทพ") | H6: =SUBSTITUTE(G6,"bkk","กรุงเทพมหานคร") | I6: =SUBSTITUTE(H6,"Bangkok","กรุงเทพมหานคร") | J6: =SUBSTITUTE(I6,"จ.","") | K6: =SUBSTITUTE(J6,"จังหวัด","") | L6: =IF(K6="กรุงเทพ","กรุงเทพมหานคร",K6) | M6: =SUBSTITUTE(B6,"เขต","") | N6: =SUBSTITUTE(M6,"อ.","") | O6: =SUBSTITUTE(N6,"อำเภอ","") | P6: =IF(O6="เมือง",O6&L6,O6) | Q6: เมืองกระบี่ | R6: เมืองกระบี่/ Mueang Krabi | S6: ขอนแก่น | T6: ขอนแก่น/ Khon Kaen | U6: เมืองกระบี่ | V6: Mueang Krabi | W6: City | X6: กระบี่/ Krabi | Y6: เมืองกระบี่ / FLASH | Z6: 44090.753 | AA6: Add Address Alias Name
C7: =ข้อมูลออเดอร์!AR7 -> ชลบุรี/ Chonburi | D7: =ข้อมูลออเดอร์!AS7 -> บางละมุง/ Bang Lamung | E7: =SUBSTITUTE(A7,"กทม.","กรุงเทพมหานคร") | F7: =SUBSTITUTE(E7,"กทม","กรุงเทพมหานคร") | G7: =SUBSTITUTE(F7,"กรุงเทพฯ","กรุงเทพ") | H7: =SUBSTITUTE(G7,"bkk","กรุงเทพมหานคร") | I7: =SUBSTITUTE(H7,"Bangkok","กรุงเทพมหานคร") | J7: =SUBSTITUTE(I7,"จ.","") | K7: =SUBSTITUTE(J7,"จังหวัด","") | L7: =IF(K7="กรุงเทพ","กรุงเทพมหานคร",K7) | M7: =SUBSTITUTE(B7,"เขต","") | N7: =SUBSTITUTE(M7,"อ.","") | O7: =SUBSTITUTE(N7,"อำเภอ","") | P7: =IF(O7="เมือง",O7&L7,O7) | Q7: ลำทับ | R7: ลำทับ/ Lam Thap | S7: จันทบุรี | T7: จันทบุรี/ Chanthaburi | U7: ลำทับ | V7: Lam Thap | W7: City | X7: กระบี่/ Krabi | Y7: ลำทับ / FLASH | Z7: 45125.566 | AA7: Add Address Alias Name
C8: =ข้อมูลออเดอร์!AR8 -> กรุงเทพมหานคร/ Bangkok | D8: =ข้อมูลออเดอร์!AS8 -> คลองเตย/ Khlong Toei | E8: =SUBSTITUTE(A8,"กทม.","กรุงเทพมหานคร") | F8: =SUBSTITUTE(E8,"กทม","กรุงเทพมหานคร") | G8: =SUBSTITUTE(F8,"กรุงเทพฯ","กรุงเทพ") | H8: =SUBSTITUTE(G8,"bkk","กรุงเทพมหานคร") | I8: =SUBSTITUTE(H8,"Bangkok","กรุงเทพมหานคร") | J8: =SUBSTITUTE(I8,"จ.","") | K8: =SUBSTITUTE(J8,"จังหวัด","") | L8: =IF(K8="กรุงเทพ","กรุงเทพมหานคร",K8) | M8: =SUBSTITUTE(B8,"เขต","") | N8: =SUBSTITUTE(M8,"อ.","") | O8: =SUBSTITUTE(N8,"อำเภอ","") | P8: =IF(O8="เมือง",O8&L8,O8) | Q8: เหนือคลอง | R8: เหนือคลอง/ Nuea Khlong | S8: ฉะเชิงเทรา | T8: ฉะเชิงเทรา/ Chachoengsao | U8: เหนือคลอง | V8: Nuea Khlong | W8: City | X8: กระบี่/ Krabi | Y8: เหนือคลอง / FLASH | Z8: 44090.753 | AA8: Add Address Alias Name
C9: =ข้อมูลออเดอร์!AR9 -> กรุงเทพมหานคร/ Bangkok | D9: =ข้อมูลออเดอร์!AS9 -> คลองเตย/ Khlong Toei | E9: =SUBSTITUTE(A9,"กทม.","กรุงเทพมหานคร") | F9: =SUBSTITUTE(E9,"กทม","กรุงเทพมหานคร") | G9: =SUBSTITUTE(F9,"กรุงเทพฯ","กรุงเทพ") | H9: =SUBSTITUTE(G9,"bkk","กรุงเทพมหานคร") | I9: =SUBSTITUTE(H9,"Bangkok","กรุงเทพมหานคร") | J9: =SUBSTITUTE(I9,"จ.","") | K9: =SUBSTITUTE(J9,"จังหวัด","") | L9: =IF(K9="กรุงเทพ","กรุงเทพมหานคร",K9) | M9: =SUBSTITUTE(B9,"เขต","") | N9: =SUBSTITUTE(M9,"อ.","") | O9: =SUBSTITUTE(N9,"อำเภอ","") | P9: =IF(O9="เมือง",O9&L9,O9) | Q9: อ่าวลึก | R9: อ่าวลึก/ Ao Luek | S9: ชลบุรี | T9: ชลบุรี/ Chonburi | U9: อ่าวลึก | V9: Ao Luek | W9: City | X9: กระบี่/ Krabi | Y9: อ่าวลึก / FLASH | Z9: 44090.753 | AA9: Add Address Alias Name
C10: =ข้อมูลออเดอร์!AR10 -> กรุงเทพมหานคร/ Bangkok | D10: =ข้อมูลออเดอร์!AS10 -> คันนายาว/ Khan Na Yao | E10: =SUBSTITUTE(A10,"กทม.","กรุงเทพมหานคร") | F10: =SUBSTITUTE(E10,"กทม","กรุงเทพมหานคร") | G10: =SUBSTITUTE(F10,"กรุงเทพฯ","กรุงเทพ") | H10: =SUBSTITUTE(G10,"bkk","กรุงเทพมหานคร") | I10: =SUBSTITUTE(H10,"Bangkok","กรุงเทพมหานคร") | J10: =SUBSTITUTE(I10,"จ.","") | K10: =SUBSTITUTE(J10,"จังหวัด","") | L10: =IF(K10="กรุงเทพ","กรุงเทพมหานคร",K10) | M10: =SUBSTITUTE(B10,"เขต","") | N10: =SUBSTITUTE(M10,"อ.","") | O10: =SUBSTITUTE(N10,"อำเภอ","") | P10: =IF(O10="เมือง",O10&L10,O10) | Q10: ด่านมะขามเตี้ย | R10: ด่านมะขามเตี้ย/ Dan Makham Tia District | S10: ชัยนาท | T10: ชัยนาท/ Chainat | U10: ด่านมะขามเตี้ย | V10: Dan Makham Tia District | W10: City | X10: กาญจนบุรี/ Kanchanaburi | Y10: ด่านมะขามเตี้ย / FLASH | Z10: 45125.451 | AA10: Add Address Alias Name
C11: =ข้อมูลออเดอร์!AR11 -> กรุงเทพมหานคร/ Bangkok | D11: =ข้อมูลออเดอร์!AS11 -> คันนายาว/ Khan Na Yao | E11: =SUBSTITUTE(A11,"กทม.","กรุงเทพมหานคร") | F11: =SUBSTITUTE(E11,"กทม","กรุงเทพมหานคร") | G11: =SUBSTITUTE(F11,"กรุงเทพฯ","กรุงเทพ") | H11: =SUBSTITUTE(G11,"bkk","กรุงเทพมหานคร") | I11: =SUBSTITUTE(H11,"Bangkok","กรุงเทพมหานคร") | J11: =SUBSTITUTE(I11,"จ.","") | K11: =SUBSTITUTE(J11,"จังหวัด","") | L11: =IF(K11="กรุงเทพ","กรุงเทพมหานคร",K11) | M11: =SUBSTITUTE(B11,"เขต","") | N11: =SUBSTITUTE(M11,"อ.","") | O11: =SUBSTITUTE(N11,"อำเภอ","") | P11: =IF(O11="เมือง",O11&L11,O11) | Q11: ทองผาภูมิ | R11: ทองผาภูมิ/ Thong Pha Phum | S11: ชัยภูมิ | T11: ชัยภูมิ/ Chaiyaphum | U11: ทองผาภูมิ | V11: Thong Pha Phum | W11: City | X11: กาญจนบุรี/ Kanchanaburi | Y11: ทองผาภูมิ / FLASH | Z11: 44090.753 | AA11: Add Address Alias Name
C12: =ข้อมูลออเดอร์!AR12 -> กรุงเทพมหานคร/ Bangkok | D12: =ข้อมูลออเดอร์!AS12 -> จตุจักร/ Chatuchak | E12: =SUBSTITUTE(A12,"กทม.","กรุงเทพมหานคร") | F12: =SUBSTITUTE(E12,"กทม","กรุงเทพมหานคร") | G12: =SUBSTITUTE(F12,"กรุงเทพฯ","กรุงเทพ") | H12: =SUBSTITUTE(G12,"bkk","กรุงเทพมหานคร") | I12: =SUBSTITUTE(H12,"Bangkok","กรุงเทพมหานคร") | J12: =SUBSTITUTE(I12,"จ.","") | K12: =SUBSTITUTE(J12,"จังหวัด","") | L12: =IF(K12="กรุงเทพ","กรุงเทพมหานคร",K12) | M12: =SUBSTITUTE(B12,"เขต","") | N12: =SUBSTITUTE(M12,"อ.","") | O12: =SUBSTITUTE(N12,"อำเภอ","") | P12: =IF(O12="เมือง",O12&L12,O12) | Q12: ท่าม่วง | R12: ท่าม่วง/ Tha Muang | S12: ชุมพร | T12: ชุมพร/ Chumphon | U12: ท่าม่วง | V12: Tha Muang | W12: City | X12: กาญจนบุรี/ Kanchanaburi | Y12: ท่าม่วง / FLASH | Z12: 45125.451 | AA12: Add Address Alias Name
C13: =ข้อมูลออเดอร์!AR13 -> ปทุมธานี/ Pathum Thani | D13: =ข้อมูลออเดอร์!AS13 -> ธัญบุรี/ Thanyaburi | E13: =SUBSTITUTE(A13,"กทม.","กรุงเทพมหานคร") | F13: =SUBSTITUTE(E13,"กทม","กรุงเทพมหานคร") | G13: =SUBSTITUTE(F13,"กรุงเทพฯ","กรุงเทพ") | H13: =SUBSTITUTE(G13,"bkk","กรุงเทพมหานคร") | I13: =SUBSTITUTE(H13,"Bangkok","กรุงเทพมหานคร") | J13: =SUBSTITUTE(I13,"จ.","") | K13: =SUBSTITUTE(J13,"จังหวัด","") | L13: =IF(K13="กรุงเทพ","กรุงเทพมหานคร",K13) | M13: =SUBSTITUTE(B13,"เขต","") | N13: =SUBSTITUTE(M13,"อ.","") | O13: =SUBSTITUTE(N13,"อำเภอ","") | P13: =IF(O13="เมือง",O13&L13,O13) | Q13: ท่ามะกา | R13: ท่ามะกา/ Tha Maka | S13: เชียงราย | T13: เชียงราย/ Chiang Rai | U13: ท่ามะกา | V13: Tha Maka | W13: City | X13: กาญจนบุรี/ Kanchanaburi | Y13: ท่ามะกา / FLASH | Z13: 44090.753 | AA13: Add Address Alias Name
... C78: =ข้อมูลออเดอร์!AR78 -> กรุงเทพมหานคร/ Bangkok | D78: =ข้อมูลออเดอร์!AS78 -> ห้วยขวาง/ Huai Khwang | E78: =SUBSTITUTE(A78,"กทม.","กรุงเทพมหานคร") | F78: =SUBSTITUTE(E78,"กทม","กรุงเทพมหานคร") | G78: =SUBSTITUTE(F78,"กรุงเทพฯ","กรุงเทพ") | H78: =SUBSTITUTE(G78,"bkk","กรุงเทพมหานคร") | I78: =SUBSTITUTE(H78,"Bangkok","กรุงเทพมหานคร") | J78: =SUBSTITUTE(I78,"จ.","") | K78: =SUBSTITUTE(J78,"จังหวัด","") | L78: =IF(K78="กรุงเทพ","กรุงเทพมหานคร",K78) | M78: =SUBSTITUTE(B78,"เขต","") | N78: =SUBSTITUTE(M78,"อ.","") | O78: =SUBSTITUTE(N78,"อำเภอ","") | P78: =IF(O78="เมือง",O78&L78,O78) | Q78: อุบลรัตน์ | R78: อุบลรัตน์/ Ubolratana | S78: กรุงเทพมหานคร | T78: กรุงเทพมหานคร/ Bangkok | U78: อุบลรัตน์ | V78: Ubolratana | W78: City | X78: ขอนแก่น/ Khon Kaen | Y78: อุบลรัตน์ / FLASH | Z78: 44090.756 | AA78: Add Address Alias Name
C79: =ข้อมูลออเดอร์!AR79 -> กรุงเทพมหานคร/ Bangkok | D79: =ข้อมูลออเดอร์!AS79 -> ห้วยขวาง/ Huai Khwang | E79: =SUBSTITUTE(A79,"กทม.","กรุงเทพมหานคร") | F79: =SUBSTITUTE(E79,"กทม","กรุงเทพมหานคร") | G79: =SUBSTITUTE(F79,"กรุงเทพฯ","กรุงเทพ") | H79: =SUBSTITUTE(G79,"bkk","กรุงเทพมหานคร") | I79: =SUBSTITUTE(H79,"Bangkok","กรุงเทพมหานคร") | J79: =SUBSTITUTE(I79,"จ.","") | K79: =SUBSTITUTE(J79,"จังหวัด","") | L79: =IF(K79="กรุงเทพ","กรุงเทพมหานคร",K79) | M79: =SUBSTITUTE(B79,"เขต","") | N79: =SUBSTITUTE(M79,"อ.","") | O79: =SUBSTITUTE(N79,"อำเภอ","") | P79: =IF(O79="เมือง",O79&L79,O79) | Q79: แก่งหางแมว | R79: แก่งหางแมว/ Kaeng Hang Maeo | U79: แก่งหางแมว | V79: Kaeng Hang Maeo | W79: City | X79: จันทบุรี/ Chanthaburi | Y79: แก่งหางแมว / FLASH | Z79: 44090.757 | AA79: Add Address Alias Name
C80: =ข้อมูลออเดอร์!AR80 -> กรุงเทพมหานคร/ Bangkok | D80: =ข้อมูลออเดอร์!AS80 -> จอมทอง/ Chom Thong | E80: =SUBSTITUTE(A80,"กทม.","กรุงเทพมหานคร") | F80: =SUBSTITUTE(E80,"กทม","กรุงเทพมหานคร") | G80: =SUBSTITUTE(F80,"กรุงเทพฯ","กรุงเทพ") | H80: =SUBSTITUTE(G80,"bkk","กรุงเทพมหานคร") | I80: =SUBSTITUTE(H80,"Bangkok","กรุงเทพมหานคร") | J80: =SUBSTITUTE(I80,"จ.","") | K80: =SUBSTITUTE(J80,"จังหวัด","") | L80: =IF(K80="กรุงเทพ","กรุงเทพมหานคร",K80) | M80: =SUBSTITUTE(B80,"เขต","") | N80: =SUBSTITUTE(M80,"อ.","") | O80: =SUBSTITUTE(N80,"อำเภอ","") | P80: =IF(O80="เมือง",O80&L80,O80) | Q80: ขลุง | R80: ขลุง/ Khlung | U80: ขลุง | V80: Khlung | W80: City | X80: จันทบุรี/ Chanthaburi | Y80: ขลุง / FLASH | Z80: 45125.441 | AA80: Add Address Alias Name
C81: =ข้อมูลออเดอร์!AR81 -> กรุงเทพมหานคร/ Bangkok | D81: =ข้อมูลออเดอร์!AS81 -> จอมทอง/ Chom Thong | E81: =SUBSTITUTE(A81,"กทม.","กรุงเทพมหานคร") | F81: =SUBSTITUTE(E81,"กทม","กรุงเทพมหานคร") | G81: =SUBSTITUTE(F81,"กรุงเทพฯ","กรุงเทพ") | H81: =SUBSTITUTE(G81,"bkk","กรุงเทพมหานคร") | I81: =SUBSTITUTE(H81,"Bangkok","กรุงเทพมหานคร") | J81: =SUBSTITUTE(I81,"จ.","") | K81: =SUBSTITUTE(J81,"จังหวัด","") | L81: =IF(K81="กรุงเทพ","กรุงเทพมหานคร",K81) | M81: =SUBSTITUTE(B81,"เขต","") | N81: =SUBSTITUTE(M81,"อ.","") | O81: =SUBSTITUTE(N81,"อำเภอ","") | P81: =IF(O81="เมือง",O81&L81,O81) | Q81: เขาคิชฌกูฏ | R81: เขาคิชฌกูฏ/ Khao Khitchakut | U81: เขาคิชฌกูฏ | V81: Khao Khitchakut | W81: City | X81: จันทบุรี/ Chanthaburi | Y81: เขาคิชฌกูฏ / FLASH | Z81: 44090.757 | AA81: Add Address Alias Name
C82: =ข้อมูลออเดอร์!AR82 -> กำแพงเพชร/ Kamphaeng Phet | D82: =ข้อมูลออเดอร์!AS82 -> คลองขลุง/ Khlong Khlung | E82: =SUBSTITUTE(A82,"กทม.","กรุงเทพมหานคร") | F82: =SUBSTITUTE(E82,"กทม","กรุงเทพมหานคร") | G82: =SUBSTITUTE(F82,"กรุงเทพฯ","กรุงเทพ") | H82: =SUBSTITUTE(G82,"bkk","กรุงเทพมหานคร") | I82: =SUBSTITUTE(H82,"Bangkok","กรุงเทพมหานคร") | J82: =SUBSTITUTE(I82,"จ.","") | K82: =SUBSTITUTE(J82,"จังหวัด","") | L82: =IF(K82="กรุงเทพ","กรุงเทพมหานคร",K82) | M82: =SUBSTITUTE(B82,"เขต","") | N82: =SUBSTITUTE(M82,"อ.","") | O82: =SUBSTITUTE(N82,"อำเภอ","") | P82: =IF(O82="เมือง",O82&L82,O82) | Q82: ท่าใหม่ | R82: ท่าใหม่/ Tha Mai | U82: ท่าใหม่ | V82: Tha Mai | W82: City | X82: จันทบุรี/ Chanthaburi | Y82: ท่าใหม่ / FLASH | Z82: 45125.44 | AA82: Add Address Alias Name
C83: =ข้อมูลออเดอร์!AR83 -> กำแพงเพชร/ Kamphaeng Phet | D83: =ข้อมูลออเดอร์!AS83 -> คลองขลุง/ Khlong Khlung | E83: =SUBSTITUTE(A83,"กทม.","กรุงเทพมหานคร") | F83: =SUBSTITUTE(E83,"กทม","กรุงเทพมหานคร") | G83: =SUBSTITUTE(F83,"กรุงเทพฯ","กรุงเทพ") | H83: =SUBSTITUTE(G83,"bkk","กรุงเทพมหานคร") | I83: =SUBSTITUTE(H83,"Bangkok","กรุงเทพมหานคร") | J83: =SUBSTITUTE(I83,"จ.","") | K83: =SUBSTITUTE(J83,"จังหวัด","") | L83: =IF(K83="กรุงเทพ","กรุงเทพมหานคร",K83) | M83: =SUBSTITUTE(B83,"เขต","") | N83: =SUBSTITUTE(M83,"อ.","") | O83: =SUBSTITUTE(N83,"อำเภอ","") | P83: =IF(O83="เมือง",O83&L83,O83) | Q83: นายายอาม | R83: นายายอาม/ Na Yai Am | U83: นายายอาม | V83: Na Yai Am | W83: City | X83: จันทบุรี/ Chanthaburi | Y83: นายายอาม / FLASH | Z83: 44090.757 | AA83: Add Address Alias Name
C84: =ข้อมูลออเดอร์!AR84 -> ปทุมธานี/ Pathum Thani | D84: =ข้อมูลออเดอร์!AS84 -> ลำลูกกา/ Lam Luk Ka | E84: =SUBSTITUTE(A84,"กทม.","กรุงเทพมหานคร") | F84: =SUBSTITUTE(E84,"กทม","กรุงเทพมหานคร") | G84: =SUBSTITUTE(F84,"กรุงเทพฯ","กรุงเทพ") | H84: =SUBSTITUTE(G84,"bkk","กรุงเทพมหานคร") | I84: =SUBSTITUTE(H84,"Bangkok","กรุงเทพมหานคร") | J84: =SUBSTITUTE(I84,"จ.","") | K84: =SUBSTITUTE(J84,"จังหวัด","") | L84: =IF(K84="กรุงเทพ","กรุงเทพมหานคร",K84) | M84: =SUBSTITUTE(B84,"เขต","") | N84: =SUBSTITUTE(M84,"อ.","") | O84: =SUBSTITUTE(N84,"อำเภอ","") | P84: =IF(O84="เมือง",O84&L84,O84) | Q84: โป่งน้ำร้อน | R84: โป่งน้ำร้อน/ Pong Nam Ron | U84: โป่งน้ำร้อน | V84: Pong Nam Ron | W84: City | X84: จันทบุรี/ Chanthaburi | Y84: โป่งน้ำร้อน / FLASH | Z84: 44090.757 | AA84: Add Address Alias Name
C85: =ข้อมูลออเดอร์!AR85 -> ปทุมธานี/ Pathum Thani | D85: =ข้อมูลออเดอร์!AS85 -> ลำลูกกา/ Lam Luk Ka | E85: =SUBSTITUTE(A85,"กทม.","กรุงเทพมหานคร") | F85: =SUBSTITUTE(E85,"กทม","กรุงเทพมหานคร") | G85: =SUBSTITUTE(F85,"กรุงเทพฯ","กรุงเทพ") | H85: =SUBSTITUTE(G85,"bkk","กรุงเทพมหานคร") | I85: =SUBSTITUTE(H85,"Bangkok","กรุงเทพมหานคร") | J85: =SUBSTITUTE(I85,"จ.","") | K85: =SUBSTITUTE(J85,"จังหวัด","") | L85: =IF(K85="กรุงเทพ","กรุงเทพมหานคร",K85) | M85: =SUBSTITUTE(B85,"เขต","") | N85: =SUBSTITUTE(M85,"อ.","") | O85: =SUBSTITUTE(N85,"อำเภอ","") | P85: =IF(O85="เมือง",O85&L85,O85) | Q85: มะขาม | R85: มะขาม/ Makham | U85: มะขาม | V85: Makham | W85: City | X85: จันทบุรี/ Chanthaburi | Y85: มะขาม / FLASH | Z85: 44090.757 | AA85: Add Address Alias Name
C86: =ข้อมูลออเดอร์!AR86 -> สมุทรปราการ/ Samut Prakan | D86: =ข้อมูลออเดอร์!AS86 -> บางบ่อ/ Bang Bo | E86: =SUBSTITUTE(A86,"กทม.","กรุงเทพมหานคร") | F86: =SUBSTITUTE(E86,"กทม","กรุงเทพมหานคร") | G86: =SUBSTITUTE(F86,"กรุงเทพฯ","กรุงเทพ") | H86: =SUBSTITUTE(G86,"bkk","กรุงเทพมหานคร") | I86: =SUBSTITUTE(H86,"Bangkok","กรุงเทพมหานคร") | J86: =SUBSTITUTE(I86,"จ.","") | K86: =SUBSTITUTE(J86,"จังหวัด","") | L86: =IF(K86="กรุงเทพ","กรุงเทพมหานคร",K86) | M86: =SUBSTITUTE(B86,"เขต","") | N86: =SUBSTITUTE(M86,"อ.","") | O86: =SUBSTITUTE(N86,"อำเภอ","") | P86: =IF(O86="เมือง",O86&L86,O86) | Q86: เมืองจันทบุรี | R86: เมืองจันทบุรี/ Mueang Chanthaburi | U86: เมืองจันทบุรี | V86: Mueang Chanthaburi | W86: City | X86: จันทบุรี/ Chanthaburi | Y86: เมืองจันทบุรี / FLASH | Z86: 45125.441 | AA86: Add Address Alias Name
C87: =ข้อมูลออเดอร์!AR87 -> สมุทรปราการ/ Samut Prakan | D87: =ข้อมูลออเดอร์!AS87 -> บางบ่อ/ Bang Bo | E87: =SUBSTITUTE(A87,"กทม.","กรุงเทพมหานคร") | F87: =SUBSTITUTE(E87,"กทม","กรุงเทพมหานคร") | G87: =SUBSTITUTE(F87,"กรุงเทพฯ","กรุงเทพ") | H87: =SUBSTITUTE(G87,"bkk","กรุงเทพมหานคร") | I87: =SUBSTITUTE(H87,"Bangkok","กรุงเทพมหานคร") | J87: =SUBSTITUTE(I87,"จ.","") | K87: =SUBSTITUTE(J87,"จังหวัด","") | L87: =IF(K87="กรุงเทพ","กรุงเทพมหานคร",K87) | M87: =SUBSTITUTE(B87,"เขต","") | N87: =SUBSTITUTE(M87,"อ.","") | O87: =SUBSTITUTE(N87,"อำเภอ","") | P87: =IF(O87="เมือง",O87&L87,O87) | Q87: สอยดาว | R87: สอยดาว/ Soi Dao | U87: สอยดาว | V87: Soi Dao | W87: City | X87: จันทบุรี/ Chanthaburi | Y87: สอยดาว / FLASH | Z87: 45125.441 | AA87: Add Address Alias Name
C88: =ข้อมูลออเดอร์!AR88 -> สุราษฎร์ธานี/ Surat Thani | D88: =ข้อมูลออเดอร์!AS88 -> เมืองสุราษฎร์ธานี/ Mueang Surat Thani | E88: =SUBSTITUTE(A88,"กทม.","กรุงเทพมหานคร") | F88: =SUBSTITUTE(E88,"กทม","กรุงเทพมหานคร") | G88: =SUBSTITUTE(F88,"กรุงเทพฯ","กรุงเทพ") | H88: =SUBSTITUTE(G88,"bkk","กรุงเทพมหานคร") | I88: =SUBSTITUTE(H88,"Bangkok","กรุงเทพมหานคร") | J88: =SUBSTITUTE(I88,"จ.","") | K88: =SUBSTITUTE(J88,"จังหวัด","") | L88: =IF(K88="กรุงเทพ","กรุงเทพมหานคร",K88) | M88: =SUBSTITUTE(B88,"เขต","") | N88: =SUBSTITUTE(M88,"อ.","") | O88: =SUBSTITUTE(N88,"อำเภอ","") | P88: =IF(O88="เมือง",O88&L88,O88) | Q88: แหลมสิงห์ | R88: แหลมสิงห์/ Laem Sing | U88: แหลมสิงห์ | V88: Laem Sing | W88: City | X88: จันทบุรี/ Chanthaburi | Y88: แหลมสิงห์ / FLASH | Z88: 45125.441 | AA88: Add Address Alias Name
C89: =ข้อมูลออเดอร์!AR89 -> สุราษฎร์ธานี/ Surat Thani | D89: =ข้อมูลออเดอร์!AS89 -> เมืองสุราษฎร์ธานี/ Mueang Surat Thani | E89: =SUBSTITUTE(A89,"กทม.","กรุงเทพมหานคร") | F89: =SUBSTITUTE(E89,"กทม","กรุงเทพมหานคร") | G89: =SUBSTITUTE(F89,"กรุงเทพฯ","กรุงเทพ") | H89: =SUBSTITUTE(G89,"bkk","กรุงเทพมหานคร") | I89: =SUBSTITUTE(H89,"Bangkok","กรุงเทพมหานคร") | J89: =SUBSTITUTE(I89,"จ.","") | K89: =SUBSTITUTE(J89,"จังหวัด","") | L89: =IF(K89="กรุงเทพ","กรุงเทพมหานคร",K89) | M89: =SUBSTITUTE(B89,"เขต","") | N89: =SUBSTITUTE(M89,"อ.","") | O89: =SUBSTITUTE(N89,"อำเภอ","") | P89: =IF(O89="เมือง",O89&L89,O89) | Q89: คลองเขื่อน | R89: คลองเขื่อน/ Khlong Khuean | U89: คลองเขื่อน | V89: Khlong Khuean | W89: City | X89: ฉะเชิงเทรา/ Chachoengsao | Y89: คลองเขื่อน / FLASH | Z89: 44090.757 | AA89: Add Address Alias Name
C90: =ข้อมูลออเดอร์!AR90 -> ปทุมธานี/ Pathum Thani | D90: =ข้อมูลออเดอร์!AS90 -> คลองหลวง/ Khlong Luang | E90: =SUBSTITUTE(A90,"กทม.","กรุงเทพมหานคร") | F90: =SUBSTITUTE(E90,"กทม","กรุงเทพมหานคร") | G90: =SUBSTITUTE(F90,"กรุงเทพฯ","กรุงเทพ") | H90: =SUBSTITUTE(G90,"bkk","กรุงเทพมหานคร") | I90: =SUBSTITUTE(H90,"Bangkok","กรุงเทพมหานคร") | J90: =SUBSTITUTE(I90,"จ.","") | K90: =SUBSTITUTE(J90,"จังหวัด","") | L90: =IF(K90="กรุงเทพ","กรุงเทพมหานคร",K90) | M90: =SUBSTITUTE(B90,"เขต","") | N90: =SUBSTITUTE(M90,"อ.","") | O90: =SUBSTITUTE(N90,"อำเภอ","") | P90: =IF(O90="เมือง",O90&L90,O90) | Q90: ท่าตะเกียบ | R90: ท่าตะเกียบ/ Tha Takiap | U90: ท่าตะเกียบ | V90: Tha Takiap | W90: City | X90: ฉะเชิงเทรา/ Chachoengsao | Y90: ท่าตะเกียบ / FLASH | Z90: 44090.757 | AA90: Add Address Alias Name
... C200: =ข้อมูลออเดอร์!AR200 -> สุพรรณบุรี/ Suphanburi | D200: =ข้อมูลออเดอร์!AS200 -> สามชุก/ Sam Chuk | E200: =SUBSTITUTE(A200,"กทม.","กรุงเทพมหานคร") | F200: =SUBSTITUTE(E200,"กทม","กรุงเทพมหานคร") | G200: =SUBSTITUTE(F200,"กรุงเทพฯ","กรุงเทพ") | H200: =SUBSTITUTE(G200,"bkk","กรุงเทพมหานคร") | I200: =SUBSTITUTE(H200,"Bangkok","กรุงเทพมหานคร") | J200: =SUBSTITUTE(I200,"จ.","") | K200: =SUBSTITUTE(J200,"จังหวัด","") | L200: =IF(K200="กรุงเทพ","กรุงเทพมหานคร",K200) | M200: =SUBSTITUTE(B200,"เขต","") | N200: =SUBSTITUTE(M200,"อ.","") | O200: =SUBSTITUTE(N200,"อำเภอ","") | P200: =IF(O200="เมือง",O200&L200,O200) | Q200: คลองใหญ่ | R200: คลองใหญ่/ Khlong Yai | U200: คลองใหญ่ | V200: Khlong Yai | W200: City | X200: ตราด/ Trat | Y200: คลองใหญ่ / FLASH | Z200: 44090.763 | AA200: Add Address Alias Name
C201: =ข้อมูลออเดอร์!AR201 -> สุพรรณบุรี/ Suphanburi | D201: =ข้อมูลออเดอร์!AS201 -> สามชุก/ Sam Chuk | E201: =SUBSTITUTE(A201,"กทม.","กรุงเทพมหานคร") | F201: =SUBSTITUTE(E201,"กทม","กรุงเทพมหานคร") | G201: =SUBSTITUTE(F201,"กรุงเทพฯ","กรุงเทพ") | H201: =SUBSTITUTE(G201,"bkk","กรุงเทพมหานคร") | I201: =SUBSTITUTE(H201,"Bangkok","กรุงเทพมหานคร") | J201: =SUBSTITUTE(I201,"จ.","") | K201: =SUBSTITUTE(J201,"จังหวัด","") | L201: =IF(K201="กรุงเทพ","กรุงเทพมหานคร",K201) | M201: =SUBSTITUTE(B201,"เขต","") | N201: =SUBSTITUTE(M201,"อ.","") | O201: =SUBSTITUTE(N201,"อำเภอ","") | P201: =IF(O201="เมือง",O201&L201,O201) | Q201: บ่อไร่ | R201: บ่อไร่/ Bo Rai | U201: บ่อไร่ | V201: Bo Rai | W201: City | X201: ตราด/ Trat | Y201: บ่อไร่ / FLASH | Z201: 44090.763
C202: =ข้อมูลออเดอร์!AR202 -> ศรีสะเกษ/ Sisaket | D202: =ข้อมูลออเดอร์!AS202 -> วังหิน/ Wang Hin | E202: =SUBSTITUTE(A202,"กทม.","กรุงเทพมหานคร") | F202: =SUBSTITUTE(E202,"กทม","กรุงเทพมหานคร") | G202: =SUBSTITUTE(F202,"กรุงเทพฯ","กรุงเทพ") | H202: =SUBSTITUTE(G202,"bkk","กรุงเทพมหานคร") | I202: =SUBSTITUTE(H202,"Bangkok","กรุงเทพมหานคร") | J202: =SUBSTITUTE(I202,"จ.","") | K202: =SUBSTITUTE(J202,"จังหวัด","") | L202: =IF(K202="กรุงเทพ","กรุงเทพมหานคร",K202) | M202: =SUBSTITUTE(B202,"เขต","") | N202: =SUBSTITUTE(M202,"อ.","") | O202: =SUBSTITUTE(N202,"อำเภอ","") | P202: =IF(O202="เมือง",O202&L202,O202) | Q202: เมืองตราด | R202: เมืองตราด/ Mueang Trat | U202: เมืองตราด | V202: Mueang Trat | W202: City | X202: ตราด/ Trat | Y202: เมืองตราด / FLASH | Z202: 45125.484 | AA202: Add Address Alias Name
C203: =ข้อมูลออเดอร์!AR203 -> ศรีสะเกษ/ Sisaket | D203: =ข้อมูลออเดอร์!AS203 -> วังหิน/ Wang Hin | E203: =SUBSTITUTE(A203,"กทม.","กรุงเทพมหานคร") | F203: =SUBSTITUTE(E203,"กทม","กรุงเทพมหานคร") | G203: =SUBSTITUTE(F203,"กรุงเทพฯ","กรุงเทพ") | H203: =SUBSTITUTE(G203,"bkk","กรุงเทพมหานคร") | I203: =SUBSTITUTE(H203,"Bangkok","กรุงเทพมหานคร") | J203: =SUBSTITUTE(I203,"จ.","") | K203: =SUBSTITUTE(J203,"จังหวัด","") | L203: =IF(K203="กรุงเทพ","กรุงเทพมหานคร",K203) | M203: =SUBSTITUTE(B203,"เขต","") | N203: =SUBSTITUTE(M203,"อ.","") | O203: =SUBSTITUTE(N203,"อำเภอ","") | P203: =IF(O203="เมือง",O203&L203,O203) | Q203: แหลมงอบ | R203: แหลมงอบ/ Laem Ngop | U203: แหลมงอบ | V203: Laem Ngop | W203: City | X203: ตราด/ Trat | Y203: แหลมงอบ / FLASH | Z203: 44090.763 | AA203: Add Address Alias Name
C204: =ข้อมูลออเดอร์!AR204 -> อุบลราชธานี/ Ubon Ratchathani | D204: =ข้อมูลออเดอร์!AS204 -> เมืองอุบลราชธานี/ Mueang Ubon Ratchathani | E204: =SUBSTITUTE(A204,"กทม.","กรุงเทพมหานคร") | F204: =SUBSTITUTE(E204,"กทม","กรุงเทพมหานคร") | G204: =SUBSTITUTE(F204,"กรุงเทพฯ","กรุงเทพ") | H204: =SUBSTITUTE(G204,"bkk","กรุงเทพมหานคร") | I204: =SUBSTITUTE(H204,"Bangkok","กรุงเทพมหานคร") | J204: =SUBSTITUTE(I204,"จ.","") | K204: =SUBSTITUTE(J204,"จังหวัด","") | L204: =IF(K204="กรุงเทพ","กรุงเทพมหานคร",K204) | M204: =SUBSTITUTE(B204,"เขต","") | N204: =SUBSTITUTE(M204,"อ.","") | O204: =SUBSTITUTE(N204,"อำเภอ","") | P204: =IF(O204="เมือง",O204&L204,O204) | Q204: ท่าสองยาง | R204: ท่าสองยาง/ Tha Song Yang | U204: ท่าสองยาง | V204: Tha Song Yang | W204: City | X204: ตาก/ Tak | Y204: ท่าสองยาง / FLASH | Z204: 44090.763 | AA204: Add Address Alias Name
C205: =ข้อมูลออเดอร์!AR205 -> อุบลราชธานี/ Ubon Ratchathani | D205: =ข้อมูลออเดอร์!AS205 -> เมืองอุบลราชธานี/ Mueang Ubon Ratchathani | E205: =SUBSTITUTE(A205,"กทม.","กรุงเทพมหานคร") | F205: =SUBSTITUTE(E205,"กทม","กรุงเทพมหานคร") | G205: =SUBSTITUTE(F205,"กรุงเทพฯ","กรุงเทพ") | H205: =SUBSTITUTE(G205,"bkk","กรุงเทพมหานคร") | I205: =SUBSTITUTE(H205,"Bangkok","กรุงเทพมหานคร") | J205: =SUBSTITUTE(I205,"จ.","") | K205: =SUBSTITUTE(J205,"จังหวัด","") | L205: =IF(K205="กรุงเทพ","กรุงเทพมหานคร",K205) | M205: =SUBSTITUTE(B205,"เขต","") | N205: =SUBSTITUTE(M205,"อ.","") | O205: =SUBSTITUTE(N205,"อำเภอ","") | P205: =IF(O205="เมือง",O205&L205,O205) | Q205: บ้านตาก | R205: บ้านตาก/ Ban Tak | U205: บ้านตาก | V205: Ban Tak | W205: City | X205: ตาก/ Tak | Y205: บ้านตาก / FLASH | Z205: 44090.763 | AA205: Add Address Alias Name
C206: =ข้อมูลออเดอร์!AR206 -> กรุงเทพมหานคร/ Bangkok | D206: =ข้อมูลออเดอร์!AS206 -> ประเวศ/ Prawet | E206: =SUBSTITUTE(A206,"กทม.","กรุงเทพมหานคร") | F206: =SUBSTITUTE(E206,"กทม","กรุงเทพมหานคร") | G206: =SUBSTITUTE(F206,"กรุงเทพฯ","กรุงเทพ") | H206: =SUBSTITUTE(G206,"bkk","กรุงเทพมหานคร") | I206: =SUBSTITUTE(H206,"Bangkok","กรุงเทพมหานคร") | J206: =SUBSTITUTE(I206,"จ.","") | K206: =SUBSTITUTE(J206,"จังหวัด","") | L206: =IF(K206="กรุงเทพ","กรุงเทพมหานคร",K206) | M206: =SUBSTITUTE(B206,"เขต","") | N206: =SUBSTITUTE(M206,"อ.","") | O206: =SUBSTITUTE(N206,"อำเภอ","") | P206: =IF(O206="เมือง",O206&L206,O206) | Q206: พบพระ | R206: พบพระ/ Phop Phra | U206: พบพระ | V206: Phop Phra | W206: City | X206: ตาก/ Tak | Y206: พบพระ / FLASH | Z206: 45125.485 | AA206: Add Address Alias Name
C207: =ข้อมูลออเดอร์!AR207 -> กรุงเทพมหานคร/ Bangkok | D207: =ข้อมูลออเดอร์!AS207 -> ประเวศ/ Prawet | E207: =SUBSTITUTE(A207,"กทม.","กรุงเทพมหานคร") | F207: =SUBSTITUTE(E207,"กทม","กรุงเทพมหานคร") | G207: =SUBSTITUTE(F207,"กรุงเทพฯ","กรุงเทพ") | H207: =SUBSTITUTE(G207,"bkk","กรุงเทพมหานคร") | I207: =SUBSTITUTE(H207,"Bangkok","กรุงเทพมหานคร") | J207: =SUBSTITUTE(I207,"จ.","") | K207: =SUBSTITUTE(J207,"จังหวัด","") | L207: =IF(K207="กรุงเทพ","กรุงเทพมหานคร",K207) | M207: =SUBSTITUTE(B207,"เขต","") | N207: =SUBSTITUTE(M207,"อ.","") | O207: =SUBSTITUTE(N207,"อำเภอ","") | P207: =IF(O207="เมือง",O207&L207,O207) | Q207: เมืองตาก | R207: เมืองตาก/ Mueang Tak | U207: เมืองตาก | V207: Mueang Tak | W207: City | X207: ตาก/ Tak | Y207: เมืองตาก / FLASH | Z207: 44090.763 | AA207: Add Address Alias Name
C208: =ข้อมูลออเดอร์!AR208 -> กระบี่/ Krabi | D208: =ข้อมูลออเดอร์!AS208 -> เหนือคลอง/ Nuea Khlong | E208: =SUBSTITUTE(A208,"กทม.","กรุงเทพมหานคร") | F208: =SUBSTITUTE(E208,"กทม","กรุงเทพมหานคร") | G208: =SUBSTITUTE(F208,"กรุงเทพฯ","กรุงเทพ") | H208: =SUBSTITUTE(G208,"bkk","กรุงเทพมหานคร") | I208: =SUBSTITUTE(H208,"Bangkok","กรุงเทพมหานคร") | J208: =SUBSTITUTE(I208,"จ.","") | K208: =SUBSTITUTE(J208,"จังหวัด","") | L208: =IF(K208="กรุงเทพ","กรุงเทพมหานคร",K208) | M208: =SUBSTITUTE(B208,"เขต","") | N208: =SUBSTITUTE(M208,"อ.","") | O208: =SUBSTITUTE(N208,"อำเภอ","") | P208: =IF(O208="เมือง",O208&L208,O208) | Q208: แม่ระมาด | R208: แม่ระมาด/ Mae Ramat | U208: แม่ระมาด | V208: Mae Ramat | W208: City | X208: ตาก/ Tak | Y208: แม่ระมาด / FLASH | Z208: 44090.763 | AA208: Add Address Alias Name
C209: =ข้อมูลออเดอร์!AR209 -> กระบี่/ Krabi | D209: =ข้อมูลออเดอร์!AS209 -> เหนือคลอง/ Nuea Khlong | E209: =SUBSTITUTE(A209,"กทม.","กรุงเทพมหานคร") | F209: =SUBSTITUTE(E209,"กทม","กรุงเทพมหานคร") | G209: =SUBSTITUTE(F209,"กรุงเทพฯ","กรุงเทพ") | H209: =SUBSTITUTE(G209,"bkk","กรุงเทพมหานคร") | I209: =SUBSTITUTE(H209,"Bangkok","กรุงเทพมหานคร") | J209: =SUBSTITUTE(I209,"จ.","") | K209: =SUBSTITUTE(J209,"จังหวัด","") | L209: =IF(K209="กรุงเทพ","กรุงเทพมหานคร",K209) | M209: =SUBSTITUTE(B209,"เขต","") | N209: =SUBSTITUTE(M209,"อ.","") | O209: =SUBSTITUTE(N209,"อำเภอ","") | P209: =IF(O209="เมือง",O209&L209,O209) | Q209: แม่สอด | R209: แม่สอด/ Mae Sot | U209: แม่สอด | V209: Mae Sot | W209: City | X209: ตาก/ Tak | Y209: แม่สอด / FLASH | Z209: 45125.485 | AA209: Add Address Alias Name
C210: =ข้อมูลออเดอร์!AR210 -> เชียงใหม่/ Chiang Mai | D210: =ข้อมูลออเดอร์!AS210 -> สันทราย/ San Sai | E210: =SUBSTITUTE(A210,"กทม.","กรุงเทพมหานคร") | F210: =SUBSTITUTE(E210,"กทม","กรุงเทพมหานคร") | G210: =SUBSTITUTE(F210,"กรุงเทพฯ","กรุงเทพ") | H210: =SUBSTITUTE(G210,"bkk","กรุงเทพมหานคร") | I210: =SUBSTITUTE(H210,"Bangkok","กรุงเทพมหานคร") | J210: =SUBSTITUTE(I210,"จ.","") | K210: =SUBSTITUTE(J210,"จังหวัด","") | L210: =IF(K210="กรุงเทพ","กรุงเทพมหานคร",K210) | M210: =SUBSTITUTE(B210,"เขต","") | N210: =SUBSTITUTE(M210,"อ.","") | O210: =SUBSTITUTE(N210,"อำเภอ","") | P210: =IF(O210="เมือง",O210&L210,O210) | Q210: วังเจ้า | R210: วังเจ้า/ Wang Chao | U210: วังเจ้า | V210: Wang Chao | W210: City | X210: ตาก/ Tak | Y210: วังเจ้า / FLASH | Z210: 44090.763 | AA210: Add Address Alias Name
C211: =ข้อมูลออเดอร์!AR211 -> เชียงใหม่/ Chiang Mai | D211: =ข้อมูลออเดอร์!AS211 -> สันทราย/ San Sai | E211: =SUBSTITUTE(A211,"กทม.","กรุงเทพมหานคร") | F211: =SUBSTITUTE(E211,"กทม","กรุงเทพมหานคร") | G211: =SUBSTITUTE(F211,"กรุงเทพฯ","กรุงเทพ") | H211: =SUBSTITUTE(G211,"bkk","กรุงเทพมหานคร") | I211: =SUBSTITUTE(H211,"Bangkok","กรุงเทพมหานคร") | J211: =SUBSTITUTE(I211,"จ.","") | K211: =SUBSTITUTE(J211,"จังหวัด","") | L211: =IF(K211="กรุงเทพ","กรุงเทพมหานคร",K211) | M211: =SUBSTITUTE(B211,"เขต","") | N211: =SUBSTITUTE(M211,"อ.","") | O211: =SUBSTITUTE(N211,"อำเภอ","") | P211: =IF(O211="เมือง",O211&L211,O211) | Q211: สามเงา | R211: สามเงา/ Sam Ngao | U211: สามเงา | V211: Sam Ngao | W211: City | X211: ตาก/ Tak | Y211: สามเงา / FLASH | Z211: 44090.763 | AA211: Add Address Alias Name
C212: =ข้อมูลออเดอร์!AR212 -> พะเยา/ Phayao | D212: =ข้อมูลออเดอร์!AS212 -> แม่ใจ/ Mae Chai | E212: =SUBSTITUTE(A212,"กทม.","กรุงเทพมหานคร") | F212: =SUBSTITUTE(E212,"กทม","กรุงเทพมหานคร") | G212: =SUBSTITUTE(F212,"กรุงเทพฯ","กรุงเทพ") | H212: =SUBSTITUTE(G212,"bkk","กรุงเทพมหานคร") | I212: =SUBSTITUTE(H212,"Bangkok","กรุงเทพมหานคร") | J212: =SUBSTITUTE(I212,"จ.","") | K212: =SUBSTITUTE(J212,"จังหวัด","") | L212: =IF(K212="กรุงเทพ","กรุงเทพมหานคร",K212) | M212: =SUBSTITUTE(B212,"เขต","") | N212: =SUBSTITUTE(M212,"อ.","") | O212: =SUBSTITUTE(N212,"อำเภอ","") | P212: =IF(O212="เมือง",O212&L212,O212) | Q212: อุ้มผาง | R212: อุ้มผาง/ Umphang | U212: อุ้มผาง | V212: Umphang | W212: City | X212: ตาก/ Tak | Y212: อุ้มผาง / FLASH | Z212: 44090.763 | AA212: Add Address Alias Name
C213: =ข้อมูลออเดอร์!AR213 -> พะเยา/ Phayao | D213: =ข้อมูลออเดอร์!AS213 -> แม่ใจ/ Mae Chai | E213: =SUBSTITUTE(A213,"กทม.","กรุงเทพมหานคร") | F213: =SUBSTITUTE(E213,"กทม","กรุงเทพมหานคร") | G213: =SUBSTITUTE(F213,"กรุงเทพฯ","กรุงเทพ") | H213: =SUBSTITUTE(G213,"bkk","กรุงเทพมหานคร") | I213: =SUBSTITUTE(H213,"Bangkok","กรุงเทพมหานคร") | J213: =SUBSTITUTE(I213,"จ.","") | K213: =SUBSTITUTE(J213,"จังหวัด","") | L213: =IF(K213="กรุงเทพ","กรุงเทพมหานคร",K213) | M213: =SUBSTITUTE(B213,"เขต","") | N213: =SUBSTITUTE(M213,"อ.","") | O213: =SUBSTITUTE(N213,"อำเภอ","") | P213: =IF(O213="เมือง",O213&L213,O213) | Q213: บ้านนา | R213: บ้านนา/ Ban Na | U213: บ้านนา | V213: Ban Na | W213: City | X213: นครนายก/ Nakhon Nayok | Y213: บ้านนา / FLASH | Z213: 44090.764 | AA213: Add Address Alias Name
... C400: =ข้อมูลออเดอร์!AR400 -> กรุงเทพมหานคร/ Bangkok | D400: =ข้อมูลออเดอร์!AS400 -> มีนบุรี/ Min Buri | E400: =SUBSTITUTE(A400,"กทม.","กรุงเทพมหานคร") | F400: =SUBSTITUTE(E400,"กทม","กรุงเทพมหานคร") | G400: =SUBSTITUTE(F400,"กรุงเทพฯ","กรุงเทพ") | H400: =SUBSTITUTE(G400,"bkk","กรุงเทพมหานคร") | I400: =SUBSTITUTE(H400,"Bangkok","กรุงเทพมหานคร") | J400: =SUBSTITUTE(I400,"จ.","") | K400: =SUBSTITUTE(J400,"จังหวัด","") | L400: =IF(K400="กรุงเทพ","กรุงเทพมหานคร",K400) | M400: =SUBSTITUTE(B400,"เขต","") | N400: =SUBSTITUTE(M400,"อ.","") | O400: =SUBSTITUTE(N400,"อำเภอ","") | P400: =IF(O400="เมือง",O400&L400,O400) | Q400: แม่ลาน | R400: แม่ลาน/ Mae Lan | U400: แม่ลาน | V400: Mae Lan | W400: City | X400: ปัตตานี/ Pattani | Y400: แม่ลาน / FLASH | Z400: 44090.773 | AA400: Add Address Alias Name
C401: =ข้อมูลออเดอร์!AR401 -> กรุงเทพมหานคร/ Bangkok | D401: =ข้อมูลออเดอร์!AS401 -> มีนบุรี/ Min Buri | E401: =SUBSTITUTE(A401,"กทม.","กรุงเทพมหานคร") | F401: =SUBSTITUTE(E401,"กทม","กรุงเทพมหานคร") | G401: =SUBSTITUTE(F401,"กรุงเทพฯ","กรุงเทพ") | H401: =SUBSTITUTE(G401,"bkk","กรุงเทพมหานคร") | I401: =SUBSTITUTE(H401,"Bangkok","กรุงเทพมหานคร") | J401: =SUBSTITUTE(I401,"จ.","") | K401: =SUBSTITUTE(J401,"จังหวัด","") | L401: =IF(K401="กรุงเทพ","กรุงเทพมหานคร",K401) | M401: =SUBSTITUTE(B401,"เขต","") | N401: =SUBSTITUTE(M401,"อ.","") | O401: =SUBSTITUTE(N401,"อำเภอ","") | P401: =IF(O401="เมือง",O401&L401,O401) | Q401: ไม้แก่น | R401: ไม้แก่น/ Mai Kaen | U401: ไม้แก่น | V401: Mai Kaen | W401: City | X401: ปัตตานี/ Pattani | Y401: ไม้แก่น / FLASH | Z401: 44090.773
C402: =ข้อมูลออเดอร์!AR402 -> กรุงเทพมหานคร/ Bangkok | D402: =ข้อมูลออเดอร์!AS402 -> มีนบุรี/ Min Buri | E402: =SUBSTITUTE(A402,"กทม.","กรุงเทพมหานคร") | F402: =SUBSTITUTE(E402,"กทม","กรุงเทพมหานคร") | G402: =SUBSTITUTE(F402,"กรุงเทพฯ","กรุงเทพ") | H402: =SUBSTITUTE(G402,"bkk","กรุงเทพมหานคร") | I402: =SUBSTITUTE(H402,"Bangkok","กรุงเทพมหานคร") | J402: =SUBSTITUTE(I402,"จ.","") | K402: =SUBSTITUTE(J402,"จังหวัด","") | L402: =IF(K402="กรุงเทพ","กรุงเทพมหานคร",K402) | M402: =SUBSTITUTE(B402,"เขต","") | N402: =SUBSTITUTE(M402,"อ.","") | O402: =SUBSTITUTE(N402,"อำเภอ","") | P402: =IF(O402="เมือง",O402&L402,O402) | Q402: ยะรัง | R402: ยะรัง/ Yarang | U402: ยะรัง | V402: Yarang | W402: City | X402: ปัตตานี/ Pattani | Y402: ยะรัง / FLASH | Z402: 44090.773 | AA402: Add Address Alias Name
C403: =ข้อมูลออเดอร์!AR403 -> ศรีสะเกษ/ Sisaket | D403: =ข้อมูลออเดอร์!AS403 -> เมืองศรีสะเกษ/ Mueang Si Sa Ket | E403: =SUBSTITUTE(A403,"กทม.","กรุงเทพมหานคร") | F403: =SUBSTITUTE(E403,"กทม","กรุงเทพมหานคร") | G403: =SUBSTITUTE(F403,"กรุงเทพฯ","กรุงเทพ") | H403: =SUBSTITUTE(G403,"bkk","กรุงเทพมหานคร") | I403: =SUBSTITUTE(H403,"Bangkok","กรุงเทพมหานคร") | J403: =SUBSTITUTE(I403,"จ.","") | K403: =SUBSTITUTE(J403,"จังหวัด","") | L403: =IF(K403="กรุงเทพ","กรุงเทพมหานคร",K403) | M403: =SUBSTITUTE(B403,"เขต","") | N403: =SUBSTITUTE(M403,"อ.","") | O403: =SUBSTITUTE(N403,"อำเภอ","") | P403: =IF(O403="เมือง",O403&L403,O403) | Q403: ยะหริ่ง | R403: ยะหริ่ง/ Yaring | U403: ยะหริ่ง | V403: Yaring | W403: City | X403: ปัตตานี/ Pattani | Y403: ยะหริ่ง / FLASH | Z403: 44090.773 | AA403: Add Address Alias Name
C404: =ข้อมูลออเดอร์!AR404 -> ศรีสะเกษ/ Sisaket | D404: =ข้อมูลออเดอร์!AS404 -> เมืองศรีสะเกษ/ Mueang Si Sa Ket | E404: =SUBSTITUTE(A404,"กทม.","กรุงเทพมหานคร") | F404: =SUBSTITUTE(E404,"กทม","กรุงเทพมหานคร") | G404: =SUBSTITUTE(F404,"กรุงเทพฯ","กรุงเทพ") | H404: =SUBSTITUTE(G404,"bkk","กรุงเทพมหานคร") | I404: =SUBSTITUTE(H404,"Bangkok","กรุงเทพมหานคร") | J404: =SUBSTITUTE(I404,"จ.","") | K404: =SUBSTITUTE(J404,"จังหวัด","") | L404: =IF(K404="กรุงเทพ","กรุงเทพมหานคร",K404) | M404: =SUBSTITUTE(B404,"เขต","") | N404: =SUBSTITUTE(M404,"อ.","") | O404: =SUBSTITUTE(N404,"อำเภอ","") | P404: =IF(O404="เมือง",O404&L404,O404) | Q404: สายบุรี | R404: สายบุรี/ Sai Buri | U404: สายบุรี | V404: Sai Buri | W404: City | X404: ปัตตานี/ Pattani | Y404: สายบุรี / FLASH | Z404: 44090.773 | AA404: Add Address Alias Name
C405: =ข้อมูลออเดอร์!AR405 -> ศรีสะเกษ/ Sisaket | D405: =ข้อมูลออเดอร์!AS405 -> เมืองศรีสะเกษ/ Mueang Si Sa Ket | E405: =SUBSTITUTE(A405,"กทม.","กรุงเทพมหานคร") | F405: =SUBSTITUTE(E405,"กทม","กรุงเทพมหานคร") | G405: =SUBSTITUTE(F405,"กรุงเทพฯ","กรุงเทพ") | H405: =SUBSTITUTE(G405,"bkk","กรุงเทพมหานคร") | I405: =SUBSTITUTE(H405,"Bangkok","กรุงเทพมหานคร") | J405: =SUBSTITUTE(I405,"จ.","") | K405: =SUBSTITUTE(J405,"จังหวัด","") | L405: =IF(K405="กรุงเทพ","กรุงเทพมหานคร",K405) | M405: =SUBSTITUTE(B405,"เขต","") | N405: =SUBSTITUTE(M405,"อ.","") | O405: =SUBSTITUTE(N405,"อำเภอ","") | P405: =IF(O405="เมือง",O405&L405,O405) | Q405: หนองจิก | R405: หนองจิก/ Nong Chik | U405: หนองจิก | V405: Nong Chik | W405: City | X405: ปัตตานี/ Pattani | Y405: หนองจิก / FLASH | Z405: 44090.773 | AA405: Add Address Alias Name
C406: =ข้อมูลออเดอร์!AR406 -> ศรีสะเกษ/ Sisaket | D406: =ข้อมูลออเดอร์!AS406 -> เมืองศรีสะเกษ/ Mueang Si Sa Ket | E406: =SUBSTITUTE(A406,"กทม.","กรุงเทพมหานคร") | F406: =SUBSTITUTE(E406,"กทม","กรุงเทพมหานคร") | G406: =SUBSTITUTE(F406,"กรุงเทพฯ","กรุงเทพ") | H406: =SUBSTITUTE(G406,"bkk","กรุงเทพมหานคร") | I406: =SUBSTITUTE(H406,"Bangkok","กรุงเทพมหานคร") | J406: =SUBSTITUTE(I406,"จ.","") | K406: =SUBSTITUTE(J406,"จังหวัด","") | L406: =IF(K406="กรุงเทพ","กรุงเทพมหานคร",K406) | M406: =SUBSTITUTE(B406,"เขต","") | N406: =SUBSTITUTE(M406,"อ.","") | O406: =SUBSTITUTE(N406,"อำเภอ","") | P406: =IF(O406="เมือง",O406&L406,O406) | Q406: ท่าเรือ | R406: ท่าเรือ/ Tha Ruea | U406: ท่าเรือ | V406: Tha Ruea | W406: City | X406: พระนครศรีอยุธยา/ Phra Nakhon Si Ayutthaya | Y406: ท่าเรือ / FLASH | Z406: 44090.773 | AA406: Add Address Alias Name
C407: =ข้อมูลออเดอร์!AR407 -> ศรีสะเกษ/ Sisaket | D407: =ข้อมูลออเดอร์!AS407 -> เมืองศรีสะเกษ/ Mueang Si Sa Ket | E407: =SUBSTITUTE(A407,"กทม.","กรุงเทพมหานคร") | F407: =SUBSTITUTE(E407,"กทม","กรุงเทพมหานคร") | G407: =SUBSTITUTE(F407,"กรุงเทพฯ","กรุงเทพ") | H407: =SUBSTITUTE(G407,"bkk","กรุงเทพมหานคร") | I407: =SUBSTITUTE(H407,"Bangkok","กรุงเทพมหานคร") | J407: =SUBSTITUTE(I407,"จ.","") | K407: =SUBSTITUTE(J407,"จังหวัด","") | L407: =IF(K407="กรุงเทพ","กรุงเทพมหานคร",K407) | M407: =SUBSTITUTE(B407,"เขต","") | N407: =SUBSTITUTE(M407,"อ.","") | O407: =SUBSTITUTE(N407,"อำเภอ","") | P407: =IF(O407="เมือง",O407&L407,O407) | Q407: นครหลวง | R407: นครหลวง/ Nakhon Luang | U407: นครหลวง | V407: Nakhon Luang | W407: City | X407: พระนครศรีอยุธยา/ Phra Nakhon Si Ayutthaya | Y407: นครหลวง / FLASH | Z407: 44090.773 | AA407: Add Address Alias Name
C408: =ข้อมูลออเดอร์!AR408 -> ศรีสะเกษ/ Sisaket | D408: =ข้อมูลออเดอร์!AS408 -> เมืองศรีสะเกษ/ Mueang Si Sa Ket | E408: =SUBSTITUTE(A408,"กทม.","กรุงเทพมหานคร") | F408: =SUBSTITUTE(E408,"กทม","กรุงเทพมหานคร") | G408: =SUBSTITUTE(F408,"กรุงเทพฯ","กรุงเทพ") | H408: =SUBSTITUTE(G408,"bkk","กรุงเทพมหานคร") | I408: =SUBSTITUTE(H408,"Bangkok","กรุงเทพมหานคร") | J408: =SUBSTITUTE(I408,"จ.","") | K408: =SUBSTITUTE(J408,"จังหวัด","") | L408: =IF(K408="กรุงเทพ","กรุงเทพมหานคร",K408) | M408: =SUBSTITUTE(B408,"เขต","") | N408: =SUBSTITUTE(M408,"อ.","") | O408: =SUBSTITUTE(N408,"อำเภอ","") | P408: =IF(O408="เมือง",O408&L408,O408) | Q408: บางซ้าย | R408: บางซ้าย/ Bang Sai | U408: บางซ้าย | V408: Bang Sai | W408: City | X408: พระนครศรีอยุธยา/ Phra Nakhon Si Ayutthaya | Y408: บางซ้าย / FLASH | Z408: 44090.773 | AA408: Add Address Alias Name
C409: =ข้อมูลออเดอร์!AR409 -> ศรีสะเกษ/ Sisaket | D409: =ข้อมูลออเดอร์!AS409 -> เมืองศรีสะเกษ/ Mueang Si Sa Ket | E409: =SUBSTITUTE(A409,"กทม.","กรุงเทพมหานคร") | F409: =SUBSTITUTE(E409,"กทม","กรุงเทพมหานคร") | G409: =SUBSTITUTE(F409,"กรุงเทพฯ","กรุงเทพ") | H409: =SUBSTITUTE(G409,"bkk","กรุงเทพมหานคร") | I409: =SUBSTITUTE(H409,"Bangkok","กรุงเทพมหานคร") | J409: =SUBSTITUTE(I409,"จ.","") | K409: =SUBSTITUTE(J409,"จังหวัด","") | L409: =IF(K409="กรุงเทพ","กรุงเทพมหานคร",K409) | M409: =SUBSTITUTE(B409,"เขต","") | N409: =SUBSTITUTE(M409,"อ.","") | O409: =SUBSTITUTE(N409,"อำเภอ","") | P409: =IF(O409="เมือง",O409&L409,O409) | Q409: บางไทร | R409: บางไทร/ Bang Sai | U409: บางไทร | V409: Bang Sai | W409: City | X409: พระนครศรีอยุธยา/ Phra Nakhon Si Ayutthaya | Y409: บางไทร / FLASH | Z409: 45125.443 | AA409: Add Address Alias Name
C410: =ข้อมูลออเดอร์!AR410 -> ศรีสะเกษ/ Sisaket | D410: =ข้อมูลออเดอร์!AS410 -> เมืองศรีสะเกษ/ Mueang Si Sa Ket | E410: =SUBSTITUTE(A410,"กทม.","กรุงเทพมหานคร") | F410: =SUBSTITUTE(E410,"กทม","กรุงเทพมหานคร") | G410: =SUBSTITUTE(F410,"กรุงเทพฯ","กรุงเทพ") | H410: =SUBSTITUTE(G410,"bkk","กรุงเทพมหานคร") | I410: =SUBSTITUTE(H410,"Bangkok","กรุงเทพมหานคร") | J410: =SUBSTITUTE(I410,"จ.","") | K410: =SUBSTITUTE(J410,"จังหวัด","") | L410: =IF(K410="กรุงเทพ","กรุงเทพมหานคร",K410) | M410: =SUBSTITUTE(B410,"เขต","") | N410: =SUBSTITUTE(M410,"อ.","") | O410: =SUBSTITUTE(N410,"อำเภอ","") | P410: =IF(O410="เมือง",O410&L410,O410) | Q410: บางบาล | R410: บางบาล/ Bang Ban | U410: บางบาล | V410: Bang Ban | W410: City | X410: พระนครศรีอยุธยา/ Phra Nakhon Si Ayutthaya | Y410: บางบาล / FLASH | Z410: 44090.773 | AA410: Add Address Alias Name
C411: =ข้อมูลออเดอร์!AR411 -> ศรีสะเกษ/ Sisaket | D411: =ข้อมูลออเดอร์!AS411 -> เมืองศรีสะเกษ/ Mueang Si Sa Ket | E411: =SUBSTITUTE(A411,"กทม.","กรุงเทพมหานคร") | F411: =SUBSTITUTE(E411,"กทม","กรุงเทพมหานคร") | G411: =SUBSTITUTE(F411,"กรุงเทพฯ","กรุงเทพ") | H411: =SUBSTITUTE(G411,"bkk","กรุงเทพมหานคร") | I411: =SUBSTITUTE(H411,"Bangkok","กรุงเทพมหานคร") | J411: =SUBSTITUTE(I411,"จ.","") | K411: =SUBSTITUTE(J411,"จังหวัด","") | L411: =IF(K411="กรุงเทพ","กรุงเทพมหานคร",K411) | M411: =SUBSTITUTE(B411,"เขต","") | N411: =SUBSTITUTE(M411,"อ.","") | O411: =SUBSTITUTE(N411,"อำเภอ","") | P411: =IF(O411="เมือง",O411&L411,O411) | Q411: บางปะหัน | R411: บางปะหัน/ Bang Pahan | U411: บางปะหัน | V411: Bang Pahan | W411: City | X411: พระนครศรีอยุธยา/ Phra Nakhon Si Ayutthaya | Y411: บางปะหัน / FLASH | Z411: 44090.773 | AA411: Add Address Alias Name
C412: =ข้อมูลออเดอร์!AR412 -> ศรีสะเกษ/ Sisaket | D412: =ข้อมูลออเดอร์!AS412 -> เมืองศรีสะเกษ/ Mueang Si Sa Ket | E412: =SUBSTITUTE(A412,"กทม.","กรุงเทพมหานคร") | F412: =SUBSTITUTE(E412,"กทม","กรุงเทพมหานคร") | G412: =SUBSTITUTE(F412,"กรุงเทพฯ","กรุงเทพ") | H412: =SUBSTITUTE(G412,"bkk","กรุงเทพมหานคร") | I412: =SUBSTITUTE(H412,"Bangkok","กรุงเทพมหานคร") | J412: =SUBSTITUTE(I412,"จ.","") | K412: =SUBSTITUTE(J412,"จังหวัด","") | L412: =IF(K412="กรุงเทพ","กรุงเทพมหานคร",K412) | M412: =SUBSTITUTE(B412,"เขต","") | N412: =SUBSTITUTE(M412,"อ.","") | O412: =SUBSTITUTE(N412,"อำเภอ","") | P412: =IF(O412="เมือง",O412&L412,O412) | Q412: บางปะอิน | R412: บางปะอิน/ Bang Pa-in | U412: บางปะอิน | V412: Bang Pa-in | W412: City | X412: พระนครศรีอยุธยา/ Phra Nakhon Si Ayutthaya | Y412: บางปะอิน / FLASH | Z412: 45125.443 | AA412: Add Address Alias Name
C413: =ข้อมูลออเดอร์!AR413 -> ศรีสะเกษ/ Sisaket | D413: =ข้อมูลออเดอร์!AS413 -> เมืองศรีสะเกษ/ Mueang Si Sa Ket | E413: =SUBSTITUTE(A413,"กทม.","กรุงเทพมหานคร") | F413: =SUBSTITUTE(E413,"กทม","กรุงเทพมหานคร") | G413: =SUBSTITUTE(F413,"กรุงเทพฯ","กรุงเทพ") | H413: =SUBSTITUTE(G413,"bkk","กรุงเทพมหานคร") | I413: =SUBSTITUTE(H413,"Bangkok","กรุงเทพมหานคร") | J413: =SUBSTITUTE(I413,"จ.","") | K413: =SUBSTITUTE(J413,"จังหวัด","") | L413: =IF(K413="กรุงเทพ","กรุงเทพมหานคร",K413) | M413: =SUBSTITUTE(B413,"เขต","") | N413: =SUBSTITUTE(M413,"อ.","") | O413: =SUBSTITUTE(N413,"อำเภอ","") | P413: =IF(O413="เมือง",O413&L413,O413) | Q413: บ้านแพรก | R413: บ้านแพรก/ Ban Phraek | U413: บ้านแพรก | V413: Ban Phraek | W413: City | X413: พระนครศรีอยุธยา/ Phra Nakhon Si Ayutthaya | Y413: บ้านแพรก / FLASH | Z413: 44090.773 | AA413: Add Address Alias Name
... C600: =ข้อมูลออเดอร์!AR600 -> เชียงใหม่/ Chiang Mai | D600: =ข้อมูลออเดอร์!AS600 -> สันกำแพง/ San Kamphaeng | E600: =SUBSTITUTE(A600,"กทม.","กรุงเทพมหานคร") | F600: =SUBSTITUTE(E600,"กทม","กรุงเทพมหานคร") | G600: =SUBSTITUTE(F600,"กรุงเทพฯ","กรุงเทพ") | H600: =SUBSTITUTE(G600,"bkk","กรุงเทพมหานคร") | I600: =SUBSTITUTE(H600,"Bangkok","กรุงเทพมหานคร") | J600: =SUBSTITUTE(I600,"จ.","") | K600: =SUBSTITUTE(J600,"จังหวัด","") | L600: =IF(K600="กรุงเทพ","กรุงเทพมหานคร",K600) | M600: =SUBSTITUTE(B600,"เขต","") | N600: =SUBSTITUTE(M600,"อ.","") | O600: =SUBSTITUTE(N600,"อำเภอ","") | P600: =IF(O600="เมือง",O600&L600,O600) | Q600: หนองม่วง | R600: หนองม่วง/ Nong Muang | U600: หนองม่วง | V600: Nong Muang | W600: City | X600: ลพบุรี/ Lopburi | Y600: หนองม่วง / FLASH | Z600: 44090.783 | AA600: Add Address Alias Name
C601: =ข้อมูลออเดอร์!AR601 -> เชียงใหม่/ Chiang Mai | D601: =ข้อมูลออเดอร์!AS601 -> สันกำแพง/ San Kamphaeng | E601: =SUBSTITUTE(A601,"กทม.","กรุงเทพมหานคร") | F601: =SUBSTITUTE(E601,"กทม","กรุงเทพมหานคร") | G601: =SUBSTITUTE(F601,"กรุงเทพฯ","กรุงเทพ") | H601: =SUBSTITUTE(G601,"bkk","กรุงเทพมหานคร") | I601: =SUBSTITUTE(H601,"Bangkok","กรุงเทพมหานคร") | J601: =SUBSTITUTE(I601,"จ.","") | K601: =SUBSTITUTE(J601,"จังหวัด","") | L601: =IF(K601="กรุงเทพ","กรุงเทพมหานคร",K601) | M601: =SUBSTITUTE(B601,"เขต","") | N601: =SUBSTITUTE(M601,"อ.","") | O601: =SUBSTITUTE(N601,"อำเภอ","") | P601: =IF(O601="เมือง",O601&L601,O601) | Q601: เกาะคา | R601: เกาะคา/ Ko Kha | U601: เกาะคา | V601: Ko Kha | W601: City | X601: ลำปาง/ Lampang | Y601: เกาะคา / FLASH | Z601: 44090.783
C602: =ข้อมูลออเดอร์!AR602 -> เชียงใหม่/ Chiang Mai | D602: =ข้อมูลออเดอร์!AS602 -> สันกำแพง/ San Kamphaeng | E602: =SUBSTITUTE(A602,"กทม.","กรุงเทพมหานคร") | F602: =SUBSTITUTE(E602,"กทม","กรุงเทพมหานคร") | G602: =SUBSTITUTE(F602,"กรุงเทพฯ","กรุงเทพ") | H602: =SUBSTITUTE(G602,"bkk","กรุงเทพมหานคร") | I602: =SUBSTITUTE(H602,"Bangkok","กรุงเทพมหานคร") | J602: =SUBSTITUTE(I602,"จ.","") | K602: =SUBSTITUTE(J602,"จังหวัด","") | L602: =IF(K602="กรุงเทพ","กรุงเทพมหานคร",K602) | M602: =SUBSTITUTE(B602,"เขต","") | N602: =SUBSTITUTE(M602,"อ.","") | O602: =SUBSTITUTE(N602,"อำเภอ","") | P602: =IF(O602="เมือง",O602&L602,O602) | Q602: งาว | R602: งาว/ Ngao | U602: งาว | V602: Ngao | W602: City | X602: ลำปาง/ Lampang | Y602: งาว / FLASH | Z602: 45125.456 | AA602: Add Address Alias Name
C603: =ข้อมูลออเดอร์!AR603 -> เชียงใหม่/ Chiang Mai | D603: =ข้อมูลออเดอร์!AS603 -> สันกำแพง/ San Kamphaeng | E603: =SUBSTITUTE(A603,"กทม.","กรุงเทพมหานคร") | F603: =SUBSTITUTE(E603,"กทม","กรุงเทพมหานคร") | G603: =SUBSTITUTE(F603,"กรุงเทพฯ","กรุงเทพ") | H603: =SUBSTITUTE(G603,"bkk","กรุงเทพมหานคร") | I603: =SUBSTITUTE(H603,"Bangkok","กรุงเทพมหานคร") | J603: =SUBSTITUTE(I603,"จ.","") | K603: =SUBSTITUTE(J603,"จังหวัด","") | L603: =IF(K603="กรุงเทพ","กรุงเทพมหานคร",K603) | M603: =SUBSTITUTE(B603,"เขต","") | N603: =SUBSTITUTE(M603,"อ.","") | O603: =SUBSTITUTE(N603,"อำเภอ","") | P603: =IF(O603="เมือง",O603&L603,O603) | Q603: แจ้ห่ม | R603: แจ้ห่ม/ Chae Hom | U603: แจ้ห่ม | V603: Chae Hom | W603: City | X603: ลำปาง/ Lampang | Y603: แจ้ห่ม / FLASH | Z603: 44090.783 | AA603: Add Address Alias Name
C604: =ข้อมูลออเดอร์!AR604 -> เชียงใหม่/ Chiang Mai | D604: =ข้อมูลออเดอร์!AS604 -> สันกำแพง/ San Kamphaeng | E604: =SUBSTITUTE(A604,"กทม.","กรุงเทพมหานคร") | F604: =SUBSTITUTE(E604,"กทม","กรุงเทพมหานคร") | G604: =SUBSTITUTE(F604,"กรุงเทพฯ","กรุงเทพ") | H604: =SUBSTITUTE(G604,"bkk","กรุงเทพมหานคร") | I604: =SUBSTITUTE(H604,"Bangkok","กรุงเทพมหานคร") | J604: =SUBSTITUTE(I604,"จ.","") | K604: =SUBSTITUTE(J604,"จังหวัด","") | L604: =IF(K604="กรุงเทพ","กรุงเทพมหานคร",K604) | M604: =SUBSTITUTE(B604,"เขต","") | N604: =SUBSTITUTE(M604,"อ.","") | O604: =SUBSTITUTE(N604,"อำเภอ","") | P604: =IF(O604="เมือง",O604&L604,O604) | Q604: เถิน | R604: เถิน/ Thoen | U604: เถิน | V604: Thoen | W604: City | X604: ลำปาง/ Lampang | Y604: เถิน / FLASH | Z604: 44090.783 | AA604: Add Address Alias Name
C605: =ข้อมูลออเดอร์!AR605 -> เชียงใหม่/ Chiang Mai | D605: =ข้อมูลออเดอร์!AS605 -> สันกำแพง/ San Kamphaeng | E605: =SUBSTITUTE(A605,"กทม.","กรุงเทพมหานคร") | F605: =SUBSTITUTE(E605,"กทม","กรุงเทพมหานคร") | G605: =SUBSTITUTE(F605,"กรุงเทพฯ","กรุงเทพ") | H605: =SUBSTITUTE(G605,"bkk","กรุงเทพมหานคร") | I605: =SUBSTITUTE(H605,"Bangkok","กรุงเทพมหานคร") | J605: =SUBSTITUTE(I605,"จ.","") | K605: =SUBSTITUTE(J605,"จังหวัด","") | L605: =IF(K605="กรุงเทพ","กรุงเทพมหานคร",K605) | M605: =SUBSTITUTE(B605,"เขต","") | N605: =SUBSTITUTE(M605,"อ.","") | O605: =SUBSTITUTE(N605,"อำเภอ","") | P605: =IF(O605="เมือง",O605&L605,O605) | Q605: เมืองปาน | R605: เมืองปาน/ Mueang Pan | U605: เมืองปาน | V605: Mueang Pan | W605: City | X605: ลำปาง/ Lampang | Y605: เมืองปาน / FLASH | Z605: 44090.783 | AA605: Add Address Alias Name
C606: =ข้อมูลออเดอร์!AR606 -> เชียงใหม่/ Chiang Mai | D606: =ข้อมูลออเดอร์!AS606 -> สันกำแพง/ San Kamphaeng | E606: =SUBSTITUTE(A606,"กทม.","กรุงเทพมหานคร") | F606: =SUBSTITUTE(E606,"กทม","กรุงเทพมหานคร") | G606: =SUBSTITUTE(F606,"กรุงเทพฯ","กรุงเทพ") | H606: =SUBSTITUTE(G606,"bkk","กรุงเทพมหานคร") | I606: =SUBSTITUTE(H606,"Bangkok","กรุงเทพมหานคร") | J606: =SUBSTITUTE(I606,"จ.","") | K606: =SUBSTITUTE(J606,"จังหวัด","") | L606: =IF(K606="กรุงเทพ","กรุงเทพมหานคร",K606) | M606: =SUBSTITUTE(B606,"เขต","") | N606: =SUBSTITUTE(M606,"อ.","") | O606: =SUBSTITUTE(N606,"อำเภอ","") | P606: =IF(O606="เมือง",O606&L606,O606) | Q606: เมืองลำปาง | R606: เมืองลำปาง/ Mueang Lampang | U606: เมืองลำปาง | V606: Mueang Lampang | W606: City | X606: ลำปาง/ Lampang | Y606: เมืองลำปาง / FLASH | Z606: 45125.457 | AA606: Add Address Alias Name
C607: =ข้อมูลออเดอร์!AR607 -> เชียงใหม่/ Chiang Mai | D607: =ข้อมูลออเดอร์!AS607 -> สันกำแพง/ San Kamphaeng | E607: =SUBSTITUTE(A607,"กทม.","กรุงเทพมหานคร") | F607: =SUBSTITUTE(E607,"กทม","กรุงเทพมหานคร") | G607: =SUBSTITUTE(F607,"กรุงเทพฯ","กรุงเทพ") | H607: =SUBSTITUTE(G607,"bkk","กรุงเทพมหานคร") | I607: =SUBSTITUTE(H607,"Bangkok","กรุงเทพมหานคร") | J607: =SUBSTITUTE(I607,"จ.","") | K607: =SUBSTITUTE(J607,"จังหวัด","") | L607: =IF(K607="กรุงเทพ","กรุงเทพมหานคร",K607) | M607: =SUBSTITUTE(B607,"เขต","") | N607: =SUBSTITUTE(M607,"อ.","") | O607: =SUBSTITUTE(N607,"อำเภอ","") | P607: =IF(O607="เมือง",O607&L607,O607) | Q607: แม่ทะ | R607: แม่ทะ/ Mae Tha | U607: แม่ทะ | V607: Mae Tha | W607: City | X607: ลำปาง/ Lampang | Y607: แม่ทะ / FLASH | Z607: 45125.457 | AA607: Add Address Alias Name
C608: =ข้อมูลออเดอร์!AR608 -> เชียงใหม่/ Chiang Mai | D608: =ข้อมูลออเดอร์!AS608 -> สันกำแพง/ San Kamphaeng | E608: =SUBSTITUTE(A608,"กทม.","กรุงเทพมหานคร") | F608: =SUBSTITUTE(E608,"กทม","กรุงเทพมหานคร") | G608: =SUBSTITUTE(F608,"กรุงเทพฯ","กรุงเทพ") | H608: =SUBSTITUTE(G608,"bkk","กรุงเทพมหานคร") | I608: =SUBSTITUTE(H608,"Bangkok","กรุงเทพมหานคร") | J608: =SUBSTITUTE(I608,"จ.","") | K608: =SUBSTITUTE(J608,"จังหวัด","") | L608: =IF(K608="กรุงเทพ","กรุงเทพมหานคร",K608) | M608: =SUBSTITUTE(B608,"เขต","") | N608: =SUBSTITUTE(M608,"อ.","") | O608: =SUBSTITUTE(N608,"อำเภอ","") | P608: =IF(O608="เมือง",O608&L608,O608) | Q608: แม่พริก | R608: แม่พริก/ Mae Phrik | U608: แม่พริก | V608: Mae Phrik | W608: City | X608: ลำปาง/ Lampang | Y608: แม่พริก / FLASH | Z608: 44090.783 | AA608: Add Address Alias Name
C609: =ข้อมูลออเดอร์!AR609 -> เชียงใหม่/ Chiang Mai | D609: =ข้อมูลออเดอร์!AS609 -> สันกำแพง/ San Kamphaeng | E609: =SUBSTITUTE(A609,"กทม.","กรุงเทพมหานคร") | F609: =SUBSTITUTE(E609,"กทม","กรุงเทพมหานคร") | G609: =SUBSTITUTE(F609,"กรุงเทพฯ","กรุงเทพ") | H609: =SUBSTITUTE(G609,"bkk","กรุงเทพมหานคร") | I609: =SUBSTITUTE(H609,"Bangkok","กรุงเทพมหานคร") | J609: =SUBSTITUTE(I609,"จ.","") | K609: =SUBSTITUTE(J609,"จังหวัด","") | L609: =IF(K609="กรุงเทพ","กรุงเทพมหานคร",K609) | M609: =SUBSTITUTE(B609,"เขต","") | N609: =SUBSTITUTE(M609,"อ.","") | O609: =SUBSTITUTE(N609,"อำเภอ","") | P609: =IF(O609="เมือง",O609&L609,O609) | Q609: แม่เมาะ | R609: แม่เมาะ/ Mae Mo | U609: แม่เมาะ | V609: Mae Mo | W609: City | X609: ลำปาง/ Lampang | Y609: แม่เมาะ / FLASH | Z609: 45125.457 | AA609: Add Address Alias Name
C610: =ข้อมูลออเดอร์!AR610 -> เชียงใหม่/ Chiang Mai | D610: =ข้อมูลออเดอร์!AS610 -> สันกำแพง/ San Kamphaeng | E610: =SUBSTITUTE(A610,"กทม.","กรุงเทพมหานคร") | F610: =SUBSTITUTE(E610,"กทม","กรุงเทพมหานคร") | G610: =SUBSTITUTE(F610,"กรุงเทพฯ","กรุงเทพ") | H610: =SUBSTITUTE(G610,"bkk","กรุงเทพมหานคร") | I610: =SUBSTITUTE(H610,"Bangkok","กรุงเทพมหานคร") | J610: =SUBSTITUTE(I610,"จ.","") | K610: =SUBSTITUTE(J610,"จังหวัด","") | L610: =IF(K610="กรุงเทพ","กรุงเทพมหานคร",K610) | M610: =SUBSTITUTE(B610,"เขต","") | N610: =SUBSTITUTE(M610,"อ.","") | O610: =SUBSTITUTE(N610,"อำเภอ","") | P610: =IF(O610="เมือง",O610&L610,O610) | Q610: วังเหนือ | R610: วังเหนือ/ Wang Nuea | U610: วังเหนือ | V610: Wang Nuea | W610: City | X610: ลำปาง/ Lampang | Y610: วังเหนือ / FLASH | Z610: 44090.783 | AA610: Add Address Alias Name
C611: =ข้อมูลออเดอร์!AR611 -> เชียงใหม่/ Chiang Mai | D611: =ข้อมูลออเดอร์!AS611 -> สันกำแพง/ San Kamphaeng | E611: =SUBSTITUTE(A611,"กทม.","กรุงเทพมหานคร") | F611: =SUBSTITUTE(E611,"กทม","กรุงเทพมหานคร") | G611: =SUBSTITUTE(F611,"กรุงเทพฯ","กรุงเทพ") | H611: =SUBSTITUTE(G611,"bkk","กรุงเทพมหานคร") | I611: =SUBSTITUTE(H611,"Bangkok","กรุงเทพมหานคร") | J611: =SUBSTITUTE(I611,"จ.","") | K611: =SUBSTITUTE(J611,"จังหวัด","") | L611: =IF(K611="กรุงเทพ","กรุงเทพมหานคร",K611) | M611: =SUBSTITUTE(B611,"เขต","") | N611: =SUBSTITUTE(M611,"อ.","") | O611: =SUBSTITUTE(N611,"อำเภอ","") | P611: =IF(O611="เมือง",O611&L611,O611) | Q611: สบปราบ | R611: สบปราบ/ Sop Prap | U611: สบปราบ | V611: Sop Prap | W611: City | X611: ลำปาง/ Lampang | Y611: สบปราบ / FLASH | Z611: 44090.783 | AA611: Add Address Alias Name
C612: =ข้อมูลออเดอร์!AR612 -> เชียงใหม่/ Chiang Mai | D612: =ข้อมูลออเดอร์!AS612 -> สันกำแพง/ San Kamphaeng | E612: =SUBSTITUTE(A612,"กทม.","กรุงเทพมหานคร") | F612: =SUBSTITUTE(E612,"กทม","กรุงเทพมหานคร") | G612: =SUBSTITUTE(F612,"กรุงเทพฯ","กรุงเทพ") | H612: =SUBSTITUTE(G612,"bkk","กรุงเทพมหานคร") | I612: =SUBSTITUTE(H612,"Bangkok","กรุงเทพมหานคร") | J612: =SUBSTITUTE(I612,"จ.","") | K612: =SUBSTITUTE(J612,"จังหวัด","") | L612: =IF(K612="กรุงเทพ","กรุงเทพมหานคร",K612) | M612: =SUBSTITUTE(B612,"เขต","") | N612: =SUBSTITUTE(M612,"อ.","") | O612: =SUBSTITUTE(N612,"อำเภอ","") | P612: =IF(O612="เมือง",O612&L612,O612) | Q612: เสริมงาม | R612: เสริมงาม/ Soem Ngam | U612: เสริมงาม | V612: Soem Ngam | W612: City | X612: ลำปาง/ Lampang | Y612: เสริมงาม / FLASH | Z612: 44090.783 | AA612: Add Address Alias Name
C613: =ข้อมูลออเดอร์!AR613 -> เชียงใหม่/ Chiang Mai | D613: =ข้อมูลออเดอร์!AS613 -> สันกำแพง/ San Kamphaeng | E613: =SUBSTITUTE(A613,"กทม.","กรุงเทพมหานคร") | F613: =SUBSTITUTE(E613,"กทม","กรุงเทพมหานคร") | G613: =SUBSTITUTE(F613,"กรุงเทพฯ","กรุงเทพ") | H613: =SUBSTITUTE(G613,"bkk","กรุงเทพมหานคร") | I613: =SUBSTITUTE(H613,"Bangkok","กรุงเทพมหานคร") | J613: =SUBSTITUTE(I613,"จ.","") | K613: =SUBSTITUTE(J613,"จังหวัด","") | L613: =IF(K613="กรุงเทพ","กรุงเทพมหานคร",K613) | M613: =SUBSTITUTE(B613,"เขต","") | N613: =SUBSTITUTE(M613,"อ.","") | O613: =SUBSTITUTE(N613,"อำเภอ","") | P613: =IF(O613="เมือง",O613&L613,O613) | Q613: ห้างฉัตร | R613: ห้างฉัตร/ Hang Chat | U613: ห้างฉัตร | V613: Hang Chat | W613: City | X613: ลำปาง/ Lampang | Y613: ห้างฉัตร / FLASH | Z613: 44090.783 | AA613: Add Address Alias Name
... C800: =ข้อมูลออเดอร์!AR800 -> 0 | D800: =ข้อมูลออเดอร์!AS800 -> 0 | E800: =SUBSTITUTE(A800,"กทม.","กรุงเทพมหานคร") | F800: =SUBSTITUTE(E800,"กทม","กรุงเทพมหานคร") | G800: =SUBSTITUTE(F800,"กรุงเทพฯ","กรุงเทพ") | H800: =SUBSTITUTE(G800,"bkk","กรุงเทพมหานคร") | I800: =SUBSTITUTE(H800,"Bangkok","กรุงเทพมหานคร") | J800: =SUBSTITUTE(I800,"จ.","") | K800: =SUBSTITUTE(J800,"จังหวัด","") | L800: =IF(K800="กรุงเทพ","กรุงเทพมหานคร",K800) | M800: =SUBSTITUTE(B800,"เขต","") | N800: =SUBSTITUTE(M800,"อ.","") | O800: =SUBSTITUTE(N800,"อำเภอ","") | P800: =IF(O800="เมือง",O800&L800,O800) | Q800: ท่าบ่อ | R800: ท่าบ่อ/ Tha Bo | U800: ท่าบ่อ | V800: Tha Bo | W800: City | X800: หนองคาย/ Nong Khai | Y800: ท่าบ่อ / FLASH | Z800: 45125.457 | AA800: Add Address Alias Name
C801: =ข้อมูลออเดอร์!AR801 -> 0 | D801: =ข้อมูลออเดอร์!AS801 -> 0 | E801: =SUBSTITUTE(A801,"กทม.","กรุงเทพมหานคร") | F801: =SUBSTITUTE(E801,"กทม","กรุงเทพมหานคร") | G801: =SUBSTITUTE(F801,"กรุงเทพฯ","กรุงเทพ") | H801: =SUBSTITUTE(G801,"bkk","กรุงเทพมหานคร") | I801: =SUBSTITUTE(H801,"Bangkok","กรุงเทพมหานคร") | J801: =SUBSTITUTE(I801,"จ.","") | K801: =SUBSTITUTE(J801,"จังหวัด","") | L801: =IF(K801="กรุงเทพ","กรุงเทพมหานคร",K801) | M801: =SUBSTITUTE(B801,"เขต","") | N801: =SUBSTITUTE(M801,"อ.","") | O801: =SUBSTITUTE(N801,"อำเภอ","") | P801: =IF(O801="เมือง",O801&L801,O801) | Q801: บึงกาฬ | R801: บึงกาฬ/ Bueng Kan | U801: บึงกาฬ | V801: Bueng Kan | W801: City | X801: หนองคาย/ Nong Khai | Y801: อำเภอบึงกาฬ / SHOPEE | Z801: 44090.793
C802: =ข้อมูลออเดอร์!AR802 -> 0 | D802: =ข้อมูลออเดอร์!AS802 -> 0 | E802: =SUBSTITUTE(A802,"กทม.","กรุงเทพมหานคร") | F802: =SUBSTITUTE(E802,"กทม","กรุงเทพมหานคร") | G802: =SUBSTITUTE(F802,"กรุงเทพฯ","กรุงเทพ") | H802: =SUBSTITUTE(G802,"bkk","กรุงเทพมหานคร") | I802: =SUBSTITUTE(H802,"Bangkok","กรุงเทพมหานคร") | J802: =SUBSTITUTE(I802,"จ.","") | K802: =SUBSTITUTE(J802,"จังหวัด","") | L802: =IF(K802="กรุงเทพ","กรุงเทพมหานคร",K802) | M802: =SUBSTITUTE(B802,"เขต","") | N802: =SUBSTITUTE(M802,"อ.","") | O802: =SUBSTITUTE(N802,"อำเภอ","") | P802: =IF(O802="เมือง",O802&L802,O802) | Q802: บึงโขงหลง | R802: บึงโขงหลง/ Bueng Khong Long | U802: บึงโขงหลง | V802: Bueng Khong Long | W802: City | X802: หนองคาย/ Nong Khai | Y802: บึงโขงหลง / FLASH | Z802: 44090.793 | AA802: Add Address Alias Name
C803: =ข้อมูลออเดอร์!AR803 -> 0 | D803: =ข้อมูลออเดอร์!AS803 -> 0 | E803: =SUBSTITUTE(A803,"กทม.","กรุงเทพมหานคร") | F803: =SUBSTITUTE(E803,"กทม","กรุงเทพมหานคร") | G803: =SUBSTITUTE(F803,"กรุงเทพฯ","กรุงเทพ") | H803: =SUBSTITUTE(G803,"bkk","กรุงเทพมหานคร") | I803: =SUBSTITUTE(H803,"Bangkok","กรุงเทพมหานคร") | J803: =SUBSTITUTE(I803,"จ.","") | K803: =SUBSTITUTE(J803,"จังหวัด","") | L803: =IF(K803="กรุงเทพ","กรุงเทพมหานคร",K803) | M803: =SUBSTITUTE(B803,"เขต","") | N803: =SUBSTITUTE(M803,"อ.","") | O803: =SUBSTITUTE(N803,"อำเภอ","") | P803: =IF(O803="เมือง",O803&L803,O803) | Q803: บึงโขลงหลงฝBuengu Khongu Long | R803: บึงโขลงหลงฝBuengu Khongu Long | U803: บึงโขลงหลงฝBuengu Khongu Long | W803: City | X803: หนองคาย/ Nong Khai | Y803: อำเภอบึงโขลงหลงฝBuengu0020Khongu0020Long������������������������ / SHOPEE | Z803: 45485.602 | AA803: Add Address Alias Name
C804: =ข้อมูลออเดอร์!AR804 -> 0 | D804: =ข้อมูลออเดอร์!AS804 -> 0 | E804: =SUBSTITUTE(A804,"กทม.","กรุงเทพมหานคร") | F804: =SUBSTITUTE(E804,"กทม","กรุงเทพมหานคร") | G804: =SUBSTITUTE(F804,"กรุงเทพฯ","กรุงเทพ") | H804: =SUBSTITUTE(G804,"bkk","กรุงเทพมหานคร") | I804: =SUBSTITUTE(H804,"Bangkok","กรุงเทพมหานคร") | J804: =SUBSTITUTE(I804,"จ.","") | K804: =SUBSTITUTE(J804,"จังหวัด","") | L804: =IF(K804="กรุงเทพ","กรุงเทพมหานคร",K804) | M804: =SUBSTITUTE(B804,"เขต","") | N804: =SUBSTITUTE(M804,"อ.","") | O804: =SUBSTITUTE(N804,"อำเภอ","") | P804: =IF(O804="เมือง",O804&L804,O804) | Q804: บุ่งคล้า | R804: บุ่งคล้า/ Bung Khla | U804: บุ่งคล้า | V804: Bung Khla | W804: City | X804: หนองคาย/ Nong Khai | Y804: บุ่งคล้า / FLASH | Z804: 44090.793 | AA804: Add Address Alias Name
C805: =ข้อมูลออเดอร์!AR805 -> 0 | D805: =ข้อมูลออเดอร์!AS805 -> 0 | E805: =SUBSTITUTE(A805,"กทม.","กรุงเทพมหานคร") | F805: =SUBSTITUTE(E805,"กทม","กรุงเทพมหานคร") | G805: =SUBSTITUTE(F805,"กรุงเทพฯ","กรุงเทพ") | H805: =SUBSTITUTE(G805,"bkk","กรุงเทพมหานคร") | I805: =SUBSTITUTE(H805,"Bangkok","กรุงเทพมหานคร") | J805: =SUBSTITUTE(I805,"จ.","") | K805: =SUBSTITUTE(J805,"จังหวัด","") | L805: =IF(K805="กรุงเทพ","กรุงเทพมหานคร",K805) | M805: =SUBSTITUTE(B805,"เขต","") | N805: =SUBSTITUTE(M805,"อ.","") | O805: =SUBSTITUTE(N805,"อำเภอ","") | P805: =IF(O805="เมือง",O805&L805,O805) | Q805: บุ่งคล้า | R805: บุ่งคล้า/ Bung Khla | U805: บุ่งคล้า | V805: Bung Khla | W805: City | X805: หนองคาย/ Nong Khai | Y805: บุ่งคล้า / FLASH | Z805: 44090.793 | AA805: Add Address Alias Name
C806: =ข้อมูลออเดอร์!AR806 -> 0 | D806: =ข้อมูลออเดอร์!AS806 -> 0 | E806: =SUBSTITUTE(A806,"กทม.","กรุงเทพมหานคร") | F806: =SUBSTITUTE(E806,"กทม","กรุงเทพมหานคร") | G806: =SUBSTITUTE(F806,"กรุงเทพฯ","กรุงเทพ") | H806: =SUBSTITUTE(G806,"bkk","กรุงเทพมหานคร") | I806: =SUBSTITUTE(H806,"Bangkok","กรุงเทพมหานคร") | J806: =SUBSTITUTE(I806,"จ.","") | K806: =SUBSTITUTE(J806,"จังหวัด","") | L806: =IF(K806="กรุงเทพ","กรุงเทพมหานคร",K806) | M806: =SUBSTITUTE(B806,"เขต","") | N806: =SUBSTITUTE(M806,"อ.","") | O806: =SUBSTITUTE(N806,"อำเภอ","") | P806: =IF(O806="เมือง",O806&L806,O806) | Q806: เฝ้าไร่ | R806: เฝ้าไร่/ Fao Rai | U806: เฝ้าไร่ | V806: Fao Rai | W806: City | X806: หนองคาย/ Nong Khai | Y806: เฝ้าไร่ / FLASH | Z806: 44090.793 | AA806: Add Address Alias Name
C807: =ข้อมูลออเดอร์!AR807 -> 0 | D807: =ข้อมูลออเดอร์!AS807 -> 0 | E807: =SUBSTITUTE(A807,"กทม.","กรุงเทพมหานคร") | F807: =SUBSTITUTE(E807,"กทม","กรุงเทพมหานคร") | G807: =SUBSTITUTE(F807,"กรุงเทพฯ","กรุงเทพ") | H807: =SUBSTITUTE(G807,"bkk","กรุงเทพมหานคร") | I807: =SUBSTITUTE(H807,"Bangkok","กรุงเทพมหานคร") | J807: =SUBSTITUTE(I807,"จ.","") | K807: =SUBSTITUTE(J807,"จังหวัด","") | L807: =IF(K807="กรุงเทพ","กรุงเทพมหานคร",K807) | M807: =SUBSTITUTE(B807,"เขต","") | N807: =SUBSTITUTE(M807,"อ.","") | O807: =SUBSTITUTE(N807,"อำเภอ","") | P807: =IF(O807="เมือง",O807&L807,O807) | Q807: พรเจริญ | R807: พรเจริญ/ Porn Charoen | U807: พรเจริญ | V807: Porn Charoen | W807: City | X807: บึงกาฬ/ Bueng Kan | Y807: พรเจริญ / FLASH | Z807: 44090.793 | AA807: Add Address Alias Name
C808: =ข้อมูลออเดอร์!AR808 -> 0 | D808: =ข้อมูลออเดอร์!AS808 -> 0 | E808: =SUBSTITUTE(A808,"กทม.","กรุงเทพมหานคร") | F808: =SUBSTITUTE(E808,"กทม","กรุงเทพมหานคร") | G808: =SUBSTITUTE(F808,"กรุงเทพฯ","กรุงเทพ") | H808: =SUBSTITUTE(G808,"bkk","กรุงเทพมหานคร") | I808: =SUBSTITUTE(H808,"Bangkok","กรุงเทพมหานคร") | J808: =SUBSTITUTE(I808,"จ.","") | K808: =SUBSTITUTE(J808,"จังหวัด","") | L808: =IF(K808="กรุงเทพ","กรุงเทพมหานคร",K808) | M808: =SUBSTITUTE(B808,"เขต","") | N808: =SUBSTITUTE(M808,"อ.","") | O808: =SUBSTITUTE(N808,"อำเภอ","") | P808: =IF(O808="เมือง",O808&L808,O808) | Q808: โพธิ์ตาก | R808: โพธิ์ตาก/ Pho Tak | U808: โพธิ์ตาก | V808: Pho Tak | W808: City | X808: หนองคาย/ Nong Khai | Y808: โพธิ์ตาก / FLASH | Z808: 44090.793 | AA808: Add Address Alias Name
C809: =ข้อมูลออเดอร์!AR809 -> 0 | D809: =ข้อมูลออเดอร์!AS809 -> 0 | E809: =SUBSTITUTE(A809,"กทม.","กรุงเทพมหานคร") | F809: =SUBSTITUTE(E809,"กทม","กรุงเทพมหานคร") | G809: =SUBSTITUTE(F809,"กรุงเทพฯ","กรุงเทพ") | H809: =SUBSTITUTE(G809,"bkk","กรุงเทพมหานคร") | I809: =SUBSTITUTE(H809,"Bangkok","กรุงเทพมหานคร") | J809: =SUBSTITUTE(I809,"จ.","") | K809: =SUBSTITUTE(J809,"จังหวัด","") | L809: =IF(K809="กรุงเทพ","กรุงเทพมหานคร",K809) | M809: =SUBSTITUTE(B809,"เขต","") | N809: =SUBSTITUTE(M809,"อ.","") | O809: =SUBSTITUTE(N809,"อำเภอ","") | P809: =IF(O809="เมือง",O809&L809,O809) | Q809: โพนพิสัย | R809: โพนพิสัย/ Phon Phisai | U809: โพนพิสัย | V809: Phon Phisai | W809: City | X809: หนองคาย/ Nong Khai | Y809: โพนพิสัย / FLASH | Z809: 45125.457 | AA809: Add Address Alias Name
C810: =ข้อมูลออเดอร์!AR810 -> 0 | D810: =ข้อมูลออเดอร์!AS810 -> 0 | E810: =SUBSTITUTE(A810,"กทม.","กรุงเทพมหานคร") | F810: =SUBSTITUTE(E810,"กทม","กรุงเทพมหานคร") | G810: =SUBSTITUTE(F810,"กรุงเทพฯ","กรุงเทพ") | H810: =SUBSTITUTE(G810,"bkk","กรุงเทพมหานคร") | I810: =SUBSTITUTE(H810,"Bangkok","กรุงเทพมหานคร") | J810: =SUBSTITUTE(I810,"จ.","") | K810: =SUBSTITUTE(J810,"จังหวัด","") | L810: =IF(K810="กรุงเทพ","กรุงเทพมหานคร",K810) | M810: =SUBSTITUTE(B810,"เขต","") | N810: =SUBSTITUTE(M810,"อ.","") | O810: =SUBSTITUTE(N810,"อำเภอ","") | P810: =IF(O810="เมือง",O810&L810,O810) | Q810: เมืองหนองคาย | R810: เมืองหนองคาย/ Mueang Nong Khai | U810: เมืองหนองคาย | V810: Mueang Nong Khai | W810: City | X810: หนองคาย/ Nong Khai | Y810: เมืองหนองคาย / FLASH | Z810: 45125.458 | AA810: Add Address Alias Name
C811: =ข้อมูลออเดอร์!AR811 -> 0 | D811: =ข้อมูลออเดอร์!AS811 -> 0 | E811: =SUBSTITUTE(A811,"กทม.","กรุงเทพมหานคร") | F811: =SUBSTITUTE(E811,"กทม","กรุงเทพมหานคร") | G811: =SUBSTITUTE(F811,"กรุงเทพฯ","กรุงเทพ") | H811: =SUBSTITUTE(G811,"bkk","กรุงเทพมหานคร") | I811: =SUBSTITUTE(H811,"Bangkok","กรุงเทพมหานคร") | J811: =SUBSTITUTE(I811,"จ.","") | K811: =SUBSTITUTE(J811,"จังหวัด","") | L811: =IF(K811="กรุงเทพ","กรุงเทพมหานคร",K811) | M811: =SUBSTITUTE(B811,"เขต","") | N811: =SUBSTITUTE(M811,"อ.","") | O811: =SUBSTITUTE(N811,"อำเภอ","") | P811: =IF(O811="เมือง",O811&L811,O811) | Q811: รัตนวาปี | R811: รัตนวาปี/ Rattanawapi | U811: รัตนวาปี | V811: Rattanawapi | W811: City | X811: หนองคาย/ Nong Khai | Y811: รัตนวาปี / FLASH | Z811: 44090.793 | AA811: Add Address Alias Name
C812: =ข้อมูลออเดอร์!AR812 -> 0 | D812: =ข้อมูลออเดอร์!AS812 -> 0 | E812: =SUBSTITUTE(A812,"กทม.","กรุงเทพมหานคร") | F812: =SUBSTITUTE(E812,"กทม","กรุงเทพมหานคร") | G812: =SUBSTITUTE(F812,"กรุงเทพฯ","กรุงเทพ") | H812: =SUBSTITUTE(G812,"bkk","กรุงเทพมหานคร") | I812: =SUBSTITUTE(H812,"Bangkok","กรุงเทพมหานคร") | J812: =SUBSTITUTE(I812,"จ.","") | K812: =SUBSTITUTE(J812,"จังหวัด","") | L812: =IF(K812="กรุงเทพ","กรุงเทพมหานคร",K812) | M812: =SUBSTITUTE(B812,"เขต","") | N812: =SUBSTITUTE(M812,"อ.","") | O812: =SUBSTITUTE(N812,"อำเภอ","") | P812: =IF(O812="เมือง",O812&L812,O812) | Q812: ศรีเชียงใหม่ | R812: ศรีเชียงใหม่/ Si Chiang Mai | U812: ศรีเชียงใหม่ | V812: Si Chiang Mai | W812: City | X812: หนองคาย/ Nong Khai | Y812: ศรีเชียงใหม่ / FLASH | Z812: 44090.793 | AA812: Add Address Alias Name
C813: =ข้อมูลออเดอร์!AR813 -> 0 | D813: =ข้อมูลออเดอร์!AS813 -> 0 | E813: =SUBSTITUTE(A813,"กทม.","กรุงเทพมหานคร") | F813: =SUBSTITUTE(E813,"กทม","กรุงเทพมหานคร") | G813: =SUBSTITUTE(F813,"กรุงเทพฯ","กรุงเทพ") | H813: =SUBSTITUTE(G813,"bkk","กรุงเทพมหานคร") | I813: =SUBSTITUTE(H813,"Bangkok","กรุงเทพมหานคร") | J813: =SUBSTITUTE(I813,"จ.","") | K813: =SUBSTITUTE(J813,"จังหวัด","") | L813: =IF(K813="กรุงเทพ","กรุงเทพมหานคร",K813) | M813: =SUBSTITUTE(B813,"เขต","") | N813: =SUBSTITUTE(M813,"อ.","") | O813: =SUBSTITUTE(N813,"อำเภอ","") | P813: =IF(O813="เมือง",O813&L813,O813) | Q813: ศรีวิไล | R813: ศรีวิไล/ Sri Wilai | U813: ศรีวิไล | V813: Sri Wilai | W813: City | X813: หนองคาย/ Nong Khai | Y813: ศรีวิไล / FLASH | Z813: 44090.793 | AA813: Add Address Alias Name
C814: =ข้อมูลออเดอร์!AR814 -> 0 | D814: =ข้อมูลออเดอร์!AS814 -> 0 | E814: =SUBSTITUTE(A814,"กทม.","กรุงเทพมหานคร") | F814: =SUBSTITUTE(E814,"กทม","กรุงเทพมหานคร") | G814: =SUBSTITUTE(F814,"กรุงเทพฯ","กรุงเทพ") | H814: =SUBSTITUTE(G814,"bkk","กรุงเทพมหานคร") | I814: =SUBSTITUTE(H814,"Bangkok","กรุงเทพมหานคร") | J814: =SUBSTITUTE(I814,"จ.","") | K814: =SUBSTITUTE(J814,"จังหวัด","") | L814: =IF(K814="กรุงเทพ","กรุงเทพมหานคร",K814) | M814: =SUBSTITUTE(B814,"เขต","") | N814: =SUBSTITUTE(M814,"อ.","") | O814: =SUBSTITUTE(N814,"อำเภอ","") | P814: =IF(O814="เมือง",O814&L814,O814) | Q814: สระใคร | R814: สระใคร/ Sakhrai | U814: สระใคร | V814: Sakhrai | W814: City | X814: หนองคาย/ Nong Khai | Y814: สระใคร / FLASH | Z814: 44090.793 | AA814: Add Address Alias Name
C815: =ข้อมูลออเดอร์!AR815 -> 0 | D815: =ข้อมูลออเดอร์!AS815 -> 0 | E815: =SUBSTITUTE(A815,"กทม.","กรุงเทพมหานคร") | F815: =SUBSTITUTE(E815,"กทม","กรุงเทพมหานคร") | G815: =SUBSTITUTE(F815,"กรุงเทพฯ","กรุงเทพ") | H815: =SUBSTITUTE(G815,"bkk","กรุงเทพมหานคร") | I815: =SUBSTITUTE(H815,"Bangkok","กรุงเทพมหานคร") | J815: =SUBSTITUTE(I815,"จ.","") | K815: =SUBSTITUTE(J815,"จังหวัด","") | L815: =IF(K815="กรุงเทพ","กรุงเทพมหานคร",K815) | M815: =SUBSTITUTE(B815,"เขต","") | N815: =SUBSTITUTE(M815,"อ.","") | O815: =SUBSTITUTE(N815,"อำเภอ","") | P815: =IF(O815="เมือง",O815&L815,O815) | Q815: สังคม | R815: สังคม/ Sangkhom | U815: สังคม | V815: Sangkhom | W815: City | X815: หนองคาย/ Nong Khai | Y815: สังคม / FLASH | Z815: 44090.793 | AA815: Add Address Alias Name
C816: =ข้อมูลออเดอร์!AR816 -> 0 | D816: =ข้อมูลออเดอร์!AS816 -> 0 | E816: =SUBSTITUTE(A816,"กทม.","กรุงเทพมหานคร") | F816: =SUBSTITUTE(E816,"กทม","กรุงเทพมหานคร") | G816: =SUBSTITUTE(F816,"กรุงเทพฯ","กรุงเทพ") | H816: =SUBSTITUTE(G816,"bkk","กรุงเทพมหานคร") | I816: =SUBSTITUTE(H816,"Bangkok","กรุงเทพมหานคร") | J816: =SUBSTITUTE(I816,"จ.","") | K816: =SUBSTITUTE(J816,"จังหวัด","") | L816: =IF(K816="กรุงเทพ","กรุงเทพมหานคร",K816) | M816: =SUBSTITUTE(B816,"เขต","") | N816: =SUBSTITUTE(M816,"อ.","") | O816: =SUBSTITUTE(N816,"อำเภอ","") | P816: =IF(O816="เมือง",O816&L816,O816) | Q816: กุดดินจี่u เก่ากลอยu ดงสวรรค์ | R816: กุดดินจี่u เก่ากลอยu ดงสวรรค์ | U816: กุดดินจี่u เก่ากลอยu ดงสวรรค์ | W816: City | X816: หนองบัวลำภู/ Nongbua Lamphu | Y816: อำเภอกุดดินจี่u0020เก่ากลอยu0020ดงสวรรค์������������������������ / SHOPEE | Z816: 45485.602 | AA816: Add Address Alias Name
C817: =ข้อมูลออเดอร์!AR817 -> 0 | D817: =ข้อมูลออเดอร์!AS817 -> 0 | E817: =SUBSTITUTE(A817,"กทม.","กรุงเทพมหานคร") | F817: =SUBSTITUTE(E817,"กทม","กรุงเทพมหานคร") | G817: =SUBSTITUTE(F817,"กรุงเทพฯ","กรุงเทพ") | H817: =SUBSTITUTE(G817,"bkk","กรุงเทพมหานคร") | I817: =SUBSTITUTE(H817,"Bangkok","กรุงเทพมหานคร") | J817: =SUBSTITUTE(I817,"จ.","") | K817: =SUBSTITUTE(J817,"จังหวัด","") | L817: =IF(K817="กรุงเทพ","กรุงเทพมหานคร",K817) | M817: =SUBSTITUTE(B817,"เขต","") | N817: =SUBSTITUTE(M817,"อ.","") | O817: =SUBSTITUTE(N817,"อำเภอ","") | P817: =IF(O817="เมือง",O817&L817,O817) | Q817: นากลาง | R817: นากลาง/ Na Klang | U817: นากลาง | V817: Na Klang | W817: City | X817: หนองบัวลำภู/ Nongbua Lamphu | Y817: นากลาง / FLASH | Z817: 44090.793 | AA817: Add Address Alias Name
C818: =ข้อมูลออเดอร์!AR818 -> 0 | D818: =ข้อมูลออเดอร์!AS818 -> 0 | E818: =SUBSTITUTE(A818,"กทม.","กรุงเทพมหานคร") | F818: =SUBSTITUTE(E818,"กทม","กรุงเทพมหานคร") | G818: =SUBSTITUTE(F818,"กรุงเทพฯ","กรุงเทพ") | H818: =SUBSTITUTE(G818,"bkk","กรุงเทพมหานคร") | I818: =SUBSTITUTE(H818,"Bangkok","กรุงเทพมหานคร") | J818: =SUBSTITUTE(I818,"จ.","") | K818: =SUBSTITUTE(J818,"จังหวัด","") | L818: =IF(K818="กรุงเทพ","กรุงเทพมหานคร",K818) | M818: =SUBSTITUTE(B818,"เขต","") | N818: =SUBSTITUTE(M818,"อ.","") | O818: =SUBSTITUTE(N818,"อำเภอ","") | P818: =IF(O818="เมือง",O818&L818,O818) | Q818: นาวัง | R818: นาวัง/ Na Wang | U818: นาวัง | V818: Na Wang | W818: City | X818: หนองบัวลำภู/ Nongbua Lamphu | Y818: นาวัง / FLASH | Z818: 44090.793 | AA818: Add Address Alias Name
C819: =ข้อมูลออเดอร์!AR819 -> 0 | D819: =ข้อมูลออเดอร์!AS819 -> 0 | E819: =SUBSTITUTE(A819,"กทม.","กรุงเทพมหานคร") | F819: =SUBSTITUTE(E819,"กทม","กรุงเทพมหานคร") | G819: =SUBSTITUTE(F819,"กรุงเทพฯ","กรุงเทพ") | H819: =SUBSTITUTE(G819,"bkk","กรุงเทพมหานคร") | I819: =SUBSTITUTE(H819,"Bangkok","กรุงเทพมหานคร") | J819: =SUBSTITUTE(I819,"จ.","") | K819: =SUBSTITUTE(J819,"จังหวัด","") | L819: =IF(K819="กรุงเทพ","กรุงเทพมหานคร",K819) | M819: =SUBSTITUTE(B819,"เขต","") | N819: =SUBSTITUTE(M819,"อ.","") | O819: =SUBSTITUTE(N819,"อำเภอ","") | P819: =IF(O819="เมือง",O819&L819,O819) | Q819: โนนสัง | R819: โนนสัง/ Non Sang | U819: โนนสัง | V819: Non Sang | W819: City | X819: หนองบัวลำภู/ Nongbua Lamphu | Y819: โนนสัง / FLASH | Z819: 44090.793 | AA819: Add Address Alias Name
C820: =ข้อมูลออเดอร์!AR820 -> 0 | D820: =ข้อมูลออเดอร์!AS820 -> 0 | E820: =SUBSTITUTE(A820,"กทม.","กรุงเทพมหานคร") | F820: =SUBSTITUTE(E820,"กทม","กรุงเทพมหานคร") | G820: =SUBSTITUTE(F820,"กรุงเทพฯ","กรุงเทพ") | H820: =SUBSTITUTE(G820,"bkk","กรุงเทพมหานคร") | I820: =SUBSTITUTE(H820,"Bangkok","กรุงเทพมหานคร") | J820: =SUBSTITUTE(I820,"จ.","") | K820: =SUBSTITUTE(J820,"จังหวัด","") | L820: =IF(K820="กรุงเทพ","กรุงเทพมหานคร",K820) | M820: =SUBSTITUTE(B820,"เขต","") | N820: =SUBSTITUTE(M820,"อ.","") | O820: =SUBSTITUTE(N820,"อำเภอ","") | P820: =IF(O820="เมือง",O820&L820,O820) | Q820: ป่ากุดดินจี่ | R820: ป่ากุดดินจี่/ Pa Guddingee | U820: ป่ากุดดินจี่ | V820: Pa Guddingee | W820: City | X820: หนองบัวลำภู/ Nongbua Lamphu | Y820: อำเภอป่ากุดดินจี่ / SHOPEE | Z820: 44090.793 | AA820: Add Address Alias Name
C821: =ข้อมูลออเดอร์!AR821 -> 0 | D821: =ข้อมูลออเดอร์!AS821 -> 0 | E821: =SUBSTITUTE(A821,"กทม.","กรุงเทพมหานคร") | F821: =SUBSTITUTE(E821,"กทม","กรุงเทพมหานคร") | G821: =SUBSTITUTE(F821,"กรุงเทพฯ","กรุงเทพ") | H821: =SUBSTITUTE(G821,"bkk","กรุงเทพมหานคร") | I821: =SUBSTITUTE(H821,"Bangkok","กรุงเทพมหานคร") | J821: =SUBSTITUTE(I821,"จ.","") | K821: =SUBSTITUTE(J821,"จังหวัด","") | L821: =IF(K821="กรุงเทพ","กรุงเทพมหานคร",K821) | M821: =SUBSTITUTE(B821,"เขต","") | N821: =SUBSTITUTE(M821,"อ.","") | O821: =SUBSTITUTE(N821,"อำเภอ","") | P821: =IF(O821="เมือง",O821&L821,O821) | Q821: เมืองหนองบัวลำภู | R821: เมืองหนองบัวลำภู/ Nong Bua Lam Phu | U821: เมืองหนองบัวลำภู | V821: Nong Bua Lam Phu | W821: City | X821: หนองบัวลำภู/ Nongbua Lamphu | Y821: เมืองหนองบัวลำภู / FLASH | Z821: 44090.793 | AA821: Add Address Alias Name
C822: =ข้อมูลออเดอร์!AR822 -> 0 | D822: =ข้อมูลออเดอร์!AS822 -> 0 | E822: =SUBSTITUTE(A822,"กทม.","กรุงเทพมหานคร") | F822: =SUBSTITUTE(E822,"กทม","กรุงเทพมหานคร") | G822: =SUBSTITUTE(F822,"กรุงเทพฯ","กรุงเทพ") | H822: =SUBSTITUTE(G822,"bkk","กรุงเทพมหานคร") | I822: =SUBSTITUTE(H822,"Bangkok","กรุงเทพมหานคร") | J822: =SUBSTITUTE(I822,"จ.","") | K822: =SUBSTITUTE(J822,"จังหวัด","") | L822: =IF(K822="กรุงเทพ","กรุงเทพมหานคร",K822) | M822: =SUBSTITUTE(B822,"เขต","") | N822: =SUBSTITUTE(M822,"อ.","") | O822: =SUBSTITUTE(N822,"อำเภอ","") | P822: =IF(O822="เมือง",O822&L822,O822) | Q822: ศรีบุญเรือง | R822: ศรีบุญเรือง/ Si Bun Rueang | U822: ศรีบุญเรือง | V822: Si Bun Rueang | W822: City | X822: หนองบัวลำภู/ Nongbua Lamphu | Y822: ศรีบุญเรือง / FLASH | Z822: 44090.793 | AA822: Add Address Alias Name
C823: =ข้อมูลออเดอร์!AR823 -> 0 | D823: =ข้อมูลออเดอร์!AS823 -> 0 | E823: =SUBSTITUTE(A823,"กทม.","กรุงเทพมหานคร") | F823: =SUBSTITUTE(E823,"กทม","กรุงเทพมหานคร") | G823: =SUBSTITUTE(F823,"กรุงเทพฯ","กรุงเทพ") | H823: =SUBSTITUTE(G823,"bkk","กรุงเทพมหานคร") | I823: =SUBSTITUTE(H823,"Bangkok","กรุงเทพมหานคร") | J823: =SUBSTITUTE(I823,"จ.","") | K823: =SUBSTITUTE(J823,"จังหวัด","") | L823: =IF(K823="กรุงเทพ","กรุงเทพมหานคร",K823) | M823: =SUBSTITUTE(B823,"เขต","") | N823: =SUBSTITUTE(M823,"อ.","") | O823: =SUBSTITUTE(N823,"อำเภอ","") | P823: =IF(O823="เมือง",O823&L823,O823) | Q823: สุวรรณคูหา | R823: สุวรรณคูหา/ Suwannakhuha | U823: สุวรรณคูหา | V823: Suwannakhuha | W823: City | X823: หนองบัวลำภู/ Nongbua Lamphu | Y823: สุวรรณคูหา / FLASH | Z823: 44090.793 | AA823: Add Address Alias Name
C824: =ข้อมูลออเดอร์!AR824 -> 0 | D824: =ข้อมูลออเดอร์!AS824 -> 0 | E824: =SUBSTITUTE(A824,"กทม.","กรุงเทพมหานคร") | F824: =SUBSTITUTE(E824,"กทม","กรุงเทพมหานคร") | G824: =SUBSTITUTE(F824,"กรุงเทพฯ","กรุงเทพ") | H824: =SUBSTITUTE(G824,"bkk","กรุงเทพมหานคร") | I824: =SUBSTITUTE(H824,"Bangkok","กรุงเทพมหานคร") | J824: =SUBSTITUTE(I824,"จ.","") | K824: =SUBSTITUTE(J824,"จังหวัด","") | L824: =IF(K824="กรุงเทพ","กรุงเทพมหานคร",K824) | M824: =SUBSTITUTE(B824,"เขต","") | N824: =SUBSTITUTE(M824,"อ.","") | O824: =SUBSTITUTE(N824,"อำเภอ","") | P824: =IF(O824="เมือง",O824&L824,O824) | Q824: ไชโย | R824: ไชโย/ Chaiyo | U824: ไชโย | V824: Chaiyo | W824: City | X824: อ่างทอง/ Ang Thong | Y824: ไชโย / FLASH | Z824: 44090.793 | AA824: Add Address Alias Name
C825: =ข้อมูลออเดอร์!AR825 -> 0 | D825: =ข้อมูลออเดอร์!AS825 -> 0 | E825: =SUBSTITUTE(A825,"กทม.","กรุงเทพมหานคร") | F825: =SUBSTITUTE(E825,"กทม","กรุงเทพมหานคร") | G825: =SUBSTITUTE(F825,"กรุงเทพฯ","กรุงเทพ") | H825: =SUBSTITUTE(G825,"bkk","กรุงเทพมหานคร") | I825: =SUBSTITUTE(H825,"Bangkok","กรุงเทพมหานคร") | J825: =SUBSTITUTE(I825,"จ.","") | K825: =SUBSTITUTE(J825,"จังหวัด","") | L825: =IF(K825="กรุงเทพ","กรุงเทพมหานคร",K825) | M825: =SUBSTITUTE(B825,"เขต","") | N825: =SUBSTITUTE(M825,"อ.","") | O825: =SUBSTITUTE(N825,"อำเภอ","") | P825: =IF(O825="เมือง",O825&L825,O825) | Q825: ป่าโมก | R825: ป่าโมก/ Pa Mok | U825: ป่าโมก | V825: Pa Mok | W825: City | X825: อ่างทอง/ Ang Thong | Y825: ป่าโมก / FLASH | Z825: 45125.499 | AA825: Add Address Alias Name
C826: =ข้อมูลออเดอร์!AR826 -> 0 | D826: =ข้อมูลออเดอร์!AS826 -> 0 | E826: =SUBSTITUTE(A826,"กทม.","กรุงเทพมหานคร") | F826: =SUBSTITUTE(E826,"กทม","กรุงเทพมหานคร") | G826: =SUBSTITUTE(F826,"กรุงเทพฯ","กรุงเทพ") | H826: =SUBSTITUTE(G826,"bkk","กรุงเทพมหานคร") | I826: =SUBSTITUTE(H826,"Bangkok","กรุงเทพมหานคร") | J826: =SUBSTITUTE(I826,"จ.","") | K826: =SUBSTITUTE(J826,"จังหวัด","") | L826: =IF(K826="กรุงเทพ","กรุงเทพมหานคร",K826) | M826: =SUBSTITUTE(B826,"เขต","") | N826: =SUBSTITUTE(M826,"อ.","") | O826: =SUBSTITUTE(N826,"อำเภอ","") | P826: =IF(O826="เมือง",O826&L826,O826) | Q826: โพธิ์ทอง | R826: โพธิ์ทอง/ Pho Thong | U826: โพธิ์ทอง | V826: Pho Thong | W826: City | X826: อ่างทอง/ Ang Thong | Y826: โพธิ์ทอง / FLASH | Z826: 44090.794 | AA826: Add Address Alias Name
C827: =ข้อมูลออเดอร์!AR827 -> 0 | D827: =ข้อมูลออเดอร์!AS827 -> 0 | E827: =SUBSTITUTE(A827,"กทม.","กรุงเทพมหานคร") | F827: =SUBSTITUTE(E827,"กทม","กรุงเทพมหานคร") | G827: =SUBSTITUTE(F827,"กรุงเทพฯ","กรุงเทพ") | H827: =SUBSTITUTE(G827,"bkk","กรุงเทพมหานคร") | I827: =SUBSTITUTE(H827,"Bangkok","กรุงเทพมหานคร") | J827: =SUBSTITUTE(I827,"จ.","") | K827: =SUBSTITUTE(J827,"จังหวัด","") | L827: =IF(K827="กรุงเทพ","กรุงเทพมหานคร",K827) | M827: =SUBSTITUTE(B827,"เขต","") | N827: =SUBSTITUTE(M827,"อ.","") | O827: =SUBSTITUTE(N827,"อำเภอ","") | P827: =IF(O827="เมือง",O827&L827,O827) | Q827: เมืองอ่างทอง | R827: เมืองอ่างทอง/ Mueang Ang Thong | U827: เมืองอ่างทอง | V827: Mueang Ang Thong | W827: City | X827: อ่างทอง/ Ang Thong | Y827: เมืองอ่างทอง / FLASH | Z827: 44090.794 | AA827: Add Address Alias Name
C828: =ข้อมูลออเดอร์!AR828 -> 0 | D828: =ข้อมูลออเดอร์!AS828 -> 0 | E828: =SUBSTITUTE(A828,"กทม.","กรุงเทพมหานคร") | F828: =SUBSTITUTE(E828,"กทม","กรุงเทพมหานคร") | G828: =SUBSTITUTE(F828,"กรุงเทพฯ","กรุงเทพ") | H828: =SUBSTITUTE(G828,"bkk","กรุงเทพมหานคร") | I828: =SUBSTITUTE(H828,"Bangkok","กรุงเทพมหานคร") | J828: =SUBSTITUTE(I828,"จ.","") | K828: =SUBSTITUTE(J828,"จังหวัด","") | L828: =IF(K828="กรุงเทพ","กรุงเทพมหานคร",K828) | M828: =SUBSTITUTE(B828,"เขต","") | N828: =SUBSTITUTE(M828,"อ.","") | O828: =SUBSTITUTE(N828,"อำเภอ","") | P828: =IF(O828="เมือง",O828&L828,O828) | Q828: วิเศษชัยชาญ | R828: วิเศษชัยชาญ/ Wiset Chai Chan | U828: วิเศษชัยชาญ | V828: Wiset Chai Chan | W828: City | X828: อ่างทอง/ Ang Thong | Y828: วิเศษชัยชาญ / FLASH | Z828: 44090.794 | AA828: Add Address Alias Name
... C902: =ข้อมูลออเดอร์!AR902 -> 0 | D902: =ข้อมูลออเดอร์!AS902 -> 0 | E902: =SUBSTITUTE(A902,"กทม.","กรุงเทพมหานคร") | F902: =SUBSTITUTE(E902,"กทม","กรุงเทพมหานคร") | G902: =SUBSTITUTE(F902,"กรุงเทพฯ","กรุงเทพ") | H902: =SUBSTITUTE(G902,"bkk","กรุงเทพมหานคร") | I902: =SUBSTITUTE(H902,"Bangkok","กรุงเทพมหานคร") | J902: =SUBSTITUTE(I902,"จ.","") | K902: =SUBSTITUTE(J902,"จังหวัด","") | L902: =IF(K902="กรุงเทพ","กรุงเทพมหานคร",K902) | M902: =SUBSTITUTE(B902,"เขต","") | N902: =SUBSTITUTE(M902,"อ.","") | O902: =SUBSTITUTE(N902,"อำเภอ","") | P902: =IF(O902="เมือง",O902&L902,O902) | Q902: สิรินธร | R902: สิรินธร/ Sirindhorn | U902: สิรินธร | V902: Sirindhorn | W902: City | X902: อุบลราชธานี/ Ubon Ratchathani | Y902: สิรินธร / FLASH | Z902: 44090.797 | AA902: Add Address Alias Name
C903: =ข้อมูลออเดอร์!AR903 -> 0 | D903: =ข้อมูลออเดอร์!AS903 -> 0 | E903: =SUBSTITUTE(A903,"กทม.","กรุงเทพมหานคร") | F903: =SUBSTITUTE(E903,"กทม","กรุงเทพมหานคร") | G903: =SUBSTITUTE(F903,"กรุงเทพฯ","กรุงเทพ") | H903: =SUBSTITUTE(G903,"bkk","กรุงเทพมหานคร") | I903: =SUBSTITUTE(H903,"Bangkok","กรุงเทพมหานคร") | J903: =SUBSTITUTE(I903,"จ.","") | K903: =SUBSTITUTE(J903,"จังหวัด","") | L903: =IF(K903="กรุงเทพ","กรุงเทพมหานคร",K903) | M903: =SUBSTITUTE(B903,"เขต","") | N903: =SUBSTITUTE(M903,"อ.","") | O903: =SUBSTITUTE(N903,"อำเภอ","") | P903: =IF(O903="เมือง",O903&L903,O903) | Q903: เหล่าเสือโก้ก | R903: เหล่าเสือโก้ก/ Lao Suea Kok | U903: เหล่าเสือโก้ก | V903: Lao Suea Kok | W903: City | X903: อุบลราชธานี/ Ubon Ratchathani | Y903: เหล่าเสือโก้ก / FLASH | Z903: 44090.797
C904: =ข้อมูลออเดอร์!AR904 -> 0 | D904: =ข้อมูลออเดอร์!AS904 -> 0 | E904: =SUBSTITUTE(A904,"กทม.","กรุงเทพมหานคร") | F904: =SUBSTITUTE(E904,"กทม","กรุงเทพมหานคร") | G904: =SUBSTITUTE(F904,"กรุงเทพฯ","กรุงเทพ") | H904: =SUBSTITUTE(G904,"bkk","กรุงเทพมหานคร") | I904: =SUBSTITUTE(H904,"Bangkok","กรุงเทพมหานคร") | J904: =SUBSTITUTE(I904,"จ.","") | K904: =SUBSTITUTE(J904,"จังหวัด","") | L904: =IF(K904="กรุงเทพ","กรุงเทพมหานคร",K904) | M904: =SUBSTITUTE(B904,"เขต","") | N904: =SUBSTITUTE(M904,"อ.","") | O904: =SUBSTITUTE(N904,"อำเภอ","") | P904: =IF(O904="เมือง",O904&L904,O904) | Q904: คลองเตย | R904: คลองเตย/ Khlong Toei | U904: คลองเตย | V904: Khlong Toei | W904: City | X904: กรุงเทพมหานคร/ Bangkok | Y904: คลองเตย / FLASH | Z904: 45125.423 | AA904: Add Address Alias Name
...

Sheet ไฟล์อัพโหลด KOL ระบบเก่า
A1: shopName/店铺名称 | B1: platform/订单平台编码 | C1: orderType/订单类型 | D1: orderSn/订单编号 | E1: specialOrderMark/订单标记 | F1: deliveryType/发货类型 | G1: skuCode/sku编码 | H1: barcode/卖家条码 | I1: skuName/卖家商品名称 | J1: quantity/数量 | K1: actualPrice/商品实付价 | L1: retailPrice/商品应收价 | M1: placedAt/下单时间 | N1: payTime/支付时间 | O1: receiverName/收件人名称 | P1: receiverTel/收件人电话号 | Q1: receiverMobile/收件人手机号 | R1: receiverCountry/收件人国家 | S1: receiverProvince/收件人省份 | T1: receiverCity/收件人城市 | U1: receiverDistrict/收件人区域 | V1: receiverZipcode/收件人邮政编码 | W1: receiverDetailAddress/收件人明细住址 | X1: isCod/支付方式 | Y1: taxFee/税费 | Z1: freight/运费 | AA1: weight/包裹重量 | AB1: length/包裹长度 | AC1: width/包裹宽度 | AD1: height/包裹高度
A2: 必填 | B2: 必填 | C2: 必填 | D2: 必填，手录订单可以自定义订单号，多个商品保持订单号等概要信息相同 | E2: NORMAL :（普通线上订单），B2B_OFFLINE（B2B线下订单）等 | F2: B2B订单必填，（快递）EXPRESS；（物流）LOGISTICS；（自提）：SELF_PICKUP | H2: 必填 | J2: 必填，整数 | M2: 必填，店铺订单的下单时间 | O2: 必填 | Q2: 必填 | R2: 必填 | S2: 必填 | T2: 必填 | U2: 必填 | V2: 选填，不填时默认为000000 | W2: 必填 | X2: 必填，COD/在线支付
A3: =IF(D3="","","EastlyncOffline") -> EastlyncOffline | B3: =IF(D3="","","OFFLINE") -> OFFLINE | C3: =IF(D3="","","SALE") -> SALE | D3: =IF(ข้อมูลออเดอร์!A2="","",ข้อมูลออเดอร์!A2) -> KOO26092200116 | E3: =IFERROR(IF(VLOOKUP(D3,ข้อมูลออเดอร์!A:BV,74,0)="Express delivery","NORMAL",IF(VLOOKUP(D3,ข้อมูลออเดอร์!A:BV,74,0)="Lalamove","B2B_OFFLINE","")),"") -> NORMAL | F3: =IF(D3="","","EXPRESS") -> EXPRESS | G3: =IF(ข้อมูลออเดอร์!CV2="","",ข้อมูลออเดอร์!CV2) -> SKINTIFIC-492003 | H3: =IF(ข้อมูลออเดอร์!CW2="","",ข้อมูลออเดอร์!CW2) -> 4897147696014 | I3: =IF(ข้อมูลออเดอร์!CV2="","",ข้อมูลออเดอร์!CV2) -> SKINTIFIC-492003 | J3: =IF(ข้อมูลออเดอร์!DD2="","",ข้อมูลออเดอร์!DD2) -> 1 | K3: =IF(D3="","",0) -> 0 | L3: =IF(D3="","",0) -> 0 | M3: =IF(D3="","",NOW()) -> 46287.448 | N3: =IF(D3="","",NOW()) -> 46287.448 | O3: =IFERROR(VLOOKUP(D3,ข้อมูลออเดอร์!A:EK,49,0),"") -> Foofoam | P3: =IF(D3="","",ข้อมูลออเดอร์!AX2) -> 0909157151 | Q3: =IF(D3="","",ข้อมูลออเดอร์!AX2) -> 0909157151 | R3: =IF(D3="","","TH") -> TH | S3: =IF('ข้อมูลจังหวัด-อำเภอ'!C2="","",'ข้อมูลจังหวัด-อำเภอ'!C2) -> กรุงเทพมหานคร/ Bangkok | T3: =IF('ข้อมูลจังหวัด-อำเภอ'!D2="","",'ข้อมูลจังหวัด-อำเภอ'!D2) -> ห้วยขวาง/ Huai Khwang | U3: =IFERROR(VLOOKUP(D3,ข้อมูลออเดอร์!A:EK,46,0),"") -> 10310 | V3: =IFERROR(VLOOKUP(D3,ข้อมูลออเดอร์!A:EK,46,0),"") -> 10310 | W3: =IFERROR(VLOOKUP(D3,ข้อมูลออเดอร์!A:EK,48,0),"") -> คอนโด ไลฟ์ รัชดาภิเษก ห้อง806 เลขที่ 279 ถ. รัชดาภิเษก แขวงห้วยขวาง เขตห้วยขวาง กรุงเทพมหานคร 10310 0909157151 | X3: =IF(D3="","","COD") -> COD | AA3: =SUMIF(W:W,W3,AE:AE)+0.2 -> 0.4 | AE3: =IF(ข้อมูลน้ำหนักสินค้า!C2="","",ข้อมูลน้ำหนักสินค้า!C2)*J3 -> 0.1
A4: =IF(D4="","","EastlyncOffline") -> EastlyncOffline | B4: =IF(D4="","","OFFLINE") -> OFFLINE | C4: =IF(D4="","","SALE") -> SALE | D4: =IF(ข้อมูลออเดอร์!A3="","",ข้อมูลออเดอร์!A3) -> KOO26092200116 | E4: =IFERROR(IF(VLOOKUP(D4,ข้อมูลออเดอร์!A:BV,74,0)="Express delivery","NORMAL",IF(VLOOKUP(D4,ข้อมูลออเดอร์!A:BV,74,0)="Lalamove","B2B_OFFLINE","")),"") -> NORMAL | F4: =IF(D4="","","EXPRESS") -> EXPRESS | G4: =IF(ข้อมูลออเดอร์!CV3="","",ข้อมูลออเดอร์!CV3) -> SKINTIFIC-492001 | H4: =IF(ข้อมูลออเดอร์!CW3="","",ข้อมูลออเดอร์!CW3) -> 4897147695994 | I4: =IF(ข้อมูลออเดอร์!CV3="","",ข้อมูลออเดอร์!CV3) -> SKINTIFIC-492001 | J4: =IF(ข้อมูลออเดอร์!DD3="","",ข้อมูลออเดอร์!DD3) -> 1 | K4: =IF(D4="","",0) -> 0 | L4: =IF(D4="","",0) -> 0 | M4: =IF(D4="","",NOW()) -> 46287.448 | N4: =IF(D4="","",NOW()) -> 46287.448 | O4: =IFERROR(VLOOKUP(D4,ข้อมูลออเดอร์!A:EK,49,0),"") -> Foofoam | P4: =IF(D4="","",ข้อมูลออเดอร์!AX3) -> 0909157151 | Q4: =IF(D4="","",ข้อมูลออเดอร์!AX3) -> 0909157151 | R4: =IF(D4="","","TH") -> TH | S4: =IF('ข้อมูลจังหวัด-อำเภอ'!C3="","",'ข้อมูลจังหวัด-อำเภอ'!C3) -> กรุงเทพมหานคร/ Bangkok | T4: =IF('ข้อมูลจังหวัด-อำเภอ'!D3="","",'ข้อมูลจังหวัด-อำเภอ'!D3) -> ห้วยขวาง/ Huai Khwang | U4: =IFERROR(VLOOKUP(D4,ข้อมูลออเดอร์!A:EK,46,0),"") -> 10310 | V4: =IFERROR(VLOOKUP(D4,ข้อมูลออเดอร์!A:EK,46,0),"") -> 10310 | W4: =IFERROR(VLOOKUP(D4,ข้อมูลออเดอร์!A:EK,48,0),"") -> คอนโด ไลฟ์ รัชดาภิเษก ห้อง806 เลขที่ 279 ถ. รัชดาภิเษก แขวงห้วยขวาง เขตห้วยขวาง กรุงเทพมหานคร 10310 0909157151 | X4: =IF(D4="","","COD") -> COD | AA4: =SUMIF(W:W,W4,AE:AE)+0.2 -> 0.4 | AE4: =IF(ข้อมูลน้ำหนักสินค้า!C3="","",ข้อมูลน้ำหนักสินค้า!C3)*J4 -> 0.1
A5: =IF(D5="","","EastlyncOffline") -> EastlyncOffline | B5: =IF(D5="","","OFFLINE") -> OFFLINE | C5: =IF(D5="","","SALE") -> SALE | D5: =IF(ข้อมูลออเดอร์!A4="","",ข้อมูลออเดอร์!A4) -> KOO26092200117 | E5: =IFERROR(IF(VLOOKUP(D5,ข้อมูลออเดอร์!A:BV,74,0)="Express delivery","NORMAL",IF(VLOOKUP(D5,ข้อมูลออเดอร์!A:BV,74,0)="Lalamove","B2B_OFFLINE","")),"") -> NORMAL | F5: =IF(D5="","","EXPRESS") -> EXPRESS | G5: =IF(ข้อมูลออเดอร์!CV4="","",ข้อมูลออเดอร์!CV4) -> SKINTIFIC-492003 | H5: =IF(ข้อมูลออเดอร์!CW4="","",ข้อมูลออเดอร์!CW4) -> 4897147696014 | I5: =IF(ข้อมูลออเดอร์!CV4="","",ข้อมูลออเดอร์!CV4) -> SKINTIFIC-492003 | J5: =IF(ข้อมูลออเดอร์!DD4="","",ข้อมูลออเดอร์!DD4) -> 1 | K5: =IF(D5="","",0) -> 0 | L5: =IF(D5="","",0) -> 0 | M5: =IF(D5="","",NOW()) -> 46287.448 | N5: =IF(D5="","",NOW()) -> 46287.448 | O5: =IFERROR(VLOOKUP(D5,ข้อมูลออเดอร์!A:EK,49,0),"") -> สุภาภรณ์ สุภาพงษ์ | P5: =IF(D5="","",ข้อมูลออเดอร์!AX4) -> 0654964564 | Q5: =IF(D5="","",ข้อมูลออเดอร์!AX4) -> 0654964564 | R5: =IF(D5="","","TH") -> TH | S5: =IF('ข้อมูลจังหวัด-อำเภอ'!C4="","",'ข้อมูลจังหวัด-อำเภอ'!C4) -> ตราด/ Trat | T5: =IF('ข้อมูลจังหวัด-อำเภอ'!D4="","",'ข้อมูลจังหวัด-อำเภอ'!D4) -> บ่อไร่/ Bo Rai | U5: =IFERROR(VLOOKUP(D5,ข้อมูลออเดอร์!A:EK,46,0),"") -> 23140 | V5: =IFERROR(VLOOKUP(D5,ข้อมูลออเดอร์!A:EK,46,0),"") -> 23140 | W5: =IFERROR(VLOOKUP(D5,ข้อมูลออเดอร์!A:EK,48,0),"") -> 252/4 ม. 3 | X5: =IF(D5="","","COD") -> COD | AA5: =SUMIF(W:W,W5,AE:AE)+0.2 -> 0.4 | AE5: =IF(ข้อมูลน้ำหนักสินค้า!C4="","",ข้อมูลน้ำหนักสินค้า!C4)*J5 -> 0.1
A6: =IF(D6="","","EastlyncOffline") -> EastlyncOffline | B6: =IF(D6="","","OFFLINE") -> OFFLINE | C6: =IF(D6="","","SALE") -> SALE | D6: =IF(ข้อมูลออเดอร์!A5="","",ข้อมูลออเดอร์!A5) -> KOO26092200117 | E6: =IFERROR(IF(VLOOKUP(D6,ข้อมูลออเดอร์!A:BV,74,0)="Express delivery","NORMAL",IF(VLOOKUP(D6,ข้อมูลออเดอร์!A:BV,74,0)="Lalamove","B2B_OFFLINE","")),"") -> NORMAL | F6: =IF(D6="","","EXPRESS") -> EXPRESS | G6: =IF(ข้อมูลออเดอร์!CV5="","",ข้อมูลออเดอร์!CV5) -> SKINTIFIC-492001 | H6: =IF(ข้อมูลออเดอร์!CW5="","",ข้อมูลออเดอร์!CW5) -> 4897147695994 | I6: =IF(ข้อมูลออเดอร์!CV5="","",ข้อมูลออเดอร์!CV5) -> SKINTIFIC-492001 | J6: =IF(ข้อมูลออเดอร์!DD5="","",ข้อมูลออเดอร์!DD5) -> 1 | K6: =IF(D6="","",0) -> 0 | L6: =IF(D6="","",0) -> 0 | M6: =IF(D6="","",NOW()) -> 46287.448 | N6: =IF(D6="","",NOW()) -> 46287.448 | O6: =IFERROR(VLOOKUP(D6,ข้อมูลออเดอร์!A:EK,49,0),"") -> สุภาภรณ์ สุภาพงษ์ | P6: =IF(D6="","",ข้อมูลออเดอร์!AX5) -> 0654964564 | Q6: =IF(D6="","",ข้อมูลออเดอร์!AX5) -> 0654964564 | R6: =IF(D6="","","TH") -> TH | S6: =IF('ข้อมูลจังหวัด-อำเภอ'!C5="","",'ข้อมูลจังหวัด-อำเภอ'!C5) -> ตราด/ Trat | T6: =IF('ข้อมูลจังหวัด-อำเภอ'!D5="","",'ข้อมูลจังหวัด-อำเภอ'!D5) -> บ่อไร่/ Bo Rai | U6: =IFERROR(VLOOKUP(D6,ข้อมูลออเดอร์!A:EK,46,0),"") -> 23140 | V6: =IFERROR(VLOOKUP(D6,ข้อมูลออเดอร์!A:EK,46,0),"") -> 23140 | W6: =IFERROR(VLOOKUP(D6,ข้อมูลออเดอร์!A:EK,48,0),"") -> 252/4 ม. 3 | X6: =IF(D6="","","COD") -> COD | AA6: =SUMIF(W:W,W6,AE:AE)+0.2 -> 0.4 | AE6: =IF(ข้อมูลน้ำหนักสินค้า!C5="","",ข้อมูลน้ำหนักสินค้า!C5)*J6 -> 0.1
A7: =IF(D7="","","EastlyncOffline") -> EastlyncOffline | B7: =IF(D7="","","OFFLINE") -> OFFLINE | C7: =IF(D7="","","SALE") -> SALE | D7: =IF(ข้อมูลออเดอร์!A6="","",ข้อมูลออเดอร์!A6) -> KOO26092200118 | E7: =IFERROR(IF(VLOOKUP(D7,ข้อมูลออเดอร์!A:BV,74,0)="Express delivery","NORMAL",IF(VLOOKUP(D7,ข้อมูลออเดอร์!A:BV,74,0)="Lalamove","B2B_OFFLINE","")),"") -> NORMAL | F7: =IF(D7="","","EXPRESS") -> EXPRESS | G7: =IF(ข้อมูลออเดอร์!CV6="","",ข้อมูลออเดอร์!CV6) -> SKINTIFIC-492003 | H7: =IF(ข้อมูลออเดอร์!CW6="","",ข้อมูลออเดอร์!CW6) -> 4897147696014 | I7: =IF(ข้อมูลออเดอร์!CV6="","",ข้อมูลออเดอร์!CV6) -> SKINTIFIC-492003 | J7: =IF(ข้อมูลออเดอร์!DD6="","",ข้อมูลออเดอร์!DD6) -> 1 | K7: =IF(D7="","",0) -> 0 | L7: =IF(D7="","",0) -> 0 | M7: =IF(D7="","",NOW()) -> 46287.448 | N7: =IF(D7="","",NOW()) -> 46287.448 | O7: =IFERROR(VLOOKUP(D7,ข้อมูลออเดอร์!A:EK,49,0),"") -> กานต์กวิน | P7: =IF(D7="","",ข้อมูลออเดอร์!AX6) -> 0929649639 | Q7: =IF(D7="","",ข้อมูลออเดอร์!AX6) -> 0929649639 | R7: =IF(D7="","","TH") -> TH | S7: =IF('ข้อมูลจังหวัด-อำเภอ'!C6="","",'ข้อมูลจังหวัด-อำเภอ'!C6) -> ชลบุรี/ Chonburi | T7: =IF('ข้อมูลจังหวัด-อำเภอ'!D6="","",'ข้อมูลจังหวัด-อำเภอ'!D6) -> บางละมุง/ Bang Lamung | U7: =IFERROR(VLOOKUP(D7,ข้อมูลออเดอร์!A:EK,46,0),"") -> 20150 | V7: =IFERROR(VLOOKUP(D7,ข้อมูลออเดอร์!A:EK,46,0),"") -> 20150 | W7: =IFERROR(VLOOKUP(D7,ข้อมูลออเดอร์!A:EK,48,0),"") -> Condo Natureza ตึกD ห้อง415/188 ม.4 ต.นาเกลือ อ.บางละมุง จ.ชลบุรี 20150 | X7: =IF(D7="","","COD") -> COD | AA7: =SUMIF(W:W,W7,AE:AE)+0.2 -> 0.4 | AE7: =IF(ข้อมูลน้ำหนักสินค้า!C6="","",ข้อมูลน้ำหนักสินค้า!C6)*J7 -> 0.1
A8: =IF(D8="","","EastlyncOffline") -> EastlyncOffline | B8: =IF(D8="","","OFFLINE") -> OFFLINE | C8: =IF(D8="","","SALE") -> SALE | D8: =IF(ข้อมูลออเดอร์!A7="","",ข้อมูลออเดอร์!A7) -> KOO26092200118 | E8: =IFERROR(IF(VLOOKUP(D8,ข้อมูลออเดอร์!A:BV,74,0)="Express delivery","NORMAL",IF(VLOOKUP(D8,ข้อมูลออเดอร์!A:BV,74,0)="Lalamove","B2B_OFFLINE","")),"") -> NORMAL | F8: =IF(D8="","","EXPRESS") -> EXPRESS | G8: =IF(ข้อมูลออเดอร์!CV7="","",ข้อมูลออเดอร์!CV7) -> SKINTIFIC-492001 | H8: =IF(ข้อมูลออเดอร์!CW7="","",ข้อมูลออเดอร์!CW7) -> 4897147695994 | I8: =IF(ข้อมูลออเดอร์!CV7="","",ข้อมูลออเดอร์!CV7) -> SKINTIFIC-492001 | J8: =IF(ข้อมูลออเดอร์!DD7="","",ข้อมูลออเดอร์!DD7) -> 1 | K8: =IF(D8="","",0) -> 0 | L8: =IF(D8="","",0) -> 0 | M8: =IF(D8="","",NOW()) -> 46287.448 | N8: =IF(D8="","",NOW()) -> 46287.448 | O8: =IFERROR(VLOOKUP(D8,ข้อมูลออเดอร์!A:EK,49,0),"") -> กานต์กวิน | P8: =IF(D8="","",ข้อมูลออเดอร์!AX7) -> 0929649639 | Q8: =IF(D8="","",ข้อมูลออเดอร์!AX7) -> 0929649639 | R8: =IF(D8="","","TH") -> TH | S8: =IF('ข้อมูลจังหวัด-อำเภอ'!C7="","",'ข้อมูลจังหวัด-อำเภอ'!C7) -> ชลบุรี/ Chonburi | T8: =IF('ข้อมูลจังหวัด-อำเภอ'!D7="","",'ข้อมูลจังหวัด-อำเภอ'!D7) -> บางละมุง/ Bang Lamung | U8: =IFERROR(VLOOKUP(D8,ข้อมูลออเดอร์!A:EK,46,0),"") -> 20150 | V8: =IFERROR(VLOOKUP(D8,ข้อมูลออเดอร์!A:EK,46,0),"") -> 20150 | W8: =IFERROR(VLOOKUP(D8,ข้อมูลออเดอร์!A:EK,48,0),"") -> Condo Natureza ตึกD ห้อง415/188 ม.4 ต.นาเกลือ อ.บางละมุง จ.ชลบุรี 20150 | X8: =IF(D8="","","COD") -> COD | AA8: =SUMIF(W:W,W8,AE:AE)+0.2 -> 0.4 | AE8: =IF(ข้อมูลน้ำหนักสินค้า!C7="","",ข้อมูลน้ำหนักสินค้า!C7)*J8 -> 0.1
A9: =IF(D9="","","EastlyncOffline") -> EastlyncOffline | B9: =IF(D9="","","OFFLINE") -> OFFLINE | C9: =IF(D9="","","SALE") -> SALE | D9: =IF(ข้อมูลออเดอร์!A8="","",ข้อมูลออเดอร์!A8) -> KOO26092200119 | E9: =IFERROR(IF(VLOOKUP(D9,ข้อมูลออเดอร์!A:BV,74,0)="Express delivery","NORMAL",IF(VLOOKUP(D9,ข้อมูลออเดอร์!A:BV,74,0)="Lalamove","B2B_OFFLINE","")),"") -> B2B_OFFLINE | F9: =IF(D9="","","EXPRESS") -> EXPRESS | G9: =IF(ข้อมูลออเดอร์!CV8="","",ข้อมูลออเดอร์!CV8) -> SKINTIFIC-492001 | H9: =IF(ข้อมูลออเดอร์!CW8="","",ข้อมูลออเดอร์!CW8) -> 4897147695994 | I9: =IF(ข้อมูลออเดอร์!CV8="","",ข้อมูลออเดอร์!CV8) -> SKINTIFIC-492001 | J9: =IF(ข้อมูลออเดอร์!DD8="","",ข้อมูลออเดอร์!DD8) -> 12 | K9: =IF(D9="","",0) -> 0 | L9: =IF(D9="","",0) -> 0 | M9: =IF(D9="","",NOW()) -> 46287.448 | N9: =IF(D9="","",NOW()) -> 46287.448 | O9: =IFERROR(VLOOKUP(D9,ข้อมูลออเดอร์!A:EK,49,0),"") -> Baball CP SKT TT | P9: =IF(D9="","",ข้อมูลออเดอร์!AX8) -> 0892234015 | Q9: =IF(D9="","",ข้อมูลออเดอร์!AX8) -> 0892234015 | R9: =IF(D9="","","TH") -> TH | S9: =IF('ข้อมูลจังหวัด-อำเภอ'!C8="","",'ข้อมูลจังหวัด-อำเภอ'!C8) -> กรุงเทพมหานคร/ Bangkok | T9: =IF('ข้อมูลจังหวัด-อำเภอ'!D8="","",'ข้อมูลจังหวัด-อำเภอ'!D8) -> คลองเตย/ Khlong Toei | U9: =IFERROR(VLOOKUP(D9,ข้อมูลออเดอร์!A:EK,46,0),"") -> 10110 | V9: =IFERROR(VLOOKUP(D9,ข้อมูลออเดอร์!A:EK,46,0),"") -> 10110 | W9: =IFERROR(VLOOKUP(D9,ข้อมูลออเดอร์!A:EK,48,0),"") -> เลขที่ 88 อาคารเดอะ ปาร์ค ห้องเลขที่ 5E02-5E09 ชั้นที่ 5 ฝั่ง East Wing ถนนรัชดาภิเษก แขวงคลองเตย เขตคลองเตย กรุงเทพมหานคร | X9: =IF(D9="","","COD") -> COD | AA9: =SUMIF(W:W,W9,AE:AE)+0.2 -> 2.7 | AE9: =IF(ข้อมูลน้ำหนักสินค้า!C8="","",ข้อมูลน้ำหนักสินค้า!C8)*J9 -> 1.2
A10: =IF(D10="","","EastlyncOffline") -> EastlyncOffline | B10: =IF(D10="","","OFFLINE") -> OFFLINE | C10: =IF(D10="","","SALE") -> SALE | D10: =IF(ข้อมูลออเดอร์!A9="","",ข้อมูลออเดอร์!A9) -> KOO26092200119 | E10: =IFERROR(IF(VLOOKUP(D10,ข้อมูลออเดอร์!A:BV,74,0)="Express delivery","NORMAL",IF(VLOOKUP(D10,ข้อมูลออเดอร์!A:BV,74,0)="Lalamove","B2B_OFFLINE","")),"") -> B2B_OFFLINE | F10: =IF(D10="","","EXPRESS") -> EXPRESS | G10: =IF(ข้อมูลออเดอร์!CV9="","",ข้อมูลออเดอร์!CV9) -> SKINTIFIC-492003 | H10: =IF(ข้อมูลออเดอร์!CW9="","",ข้อมูลออเดอร์!CW9) -> 4897147696014 | I10: =IF(ข้อมูลออเดอร์!CV9="","",ข้อมูลออเดอร์!CV9) -> SKINTIFIC-492003 | J10: =IF(ข้อมูลออเดอร์!DD9="","",ข้อมูลออเดอร์!DD9) -> 13 | K10: =IF(D10="","",0) -> 0 | L10: =IF(D10="","",0) -> 0 | M10: =IF(D10="","",NOW()) -> 46287.448 | N10: =IF(D10="","",NOW()) -> 46287.448 | O10: =IFERROR(VLOOKUP(D10,ข้อมูลออเดอร์!A:EK,49,0),"") -> Baball CP SKT TT | P10: =IF(D10="","",ข้อมูลออเดอร์!AX9) -> 0892234015 | Q10: =IF(D10="","",ข้อมูลออเดอร์!AX9) -> 0892234015 | R10: =IF(D10="","","TH") -> TH | S10: =IF('ข้อมูลจังหวัด-อำเภอ'!C9="","",'ข้อมูลจังหวัด-อำเภอ'!C9) -> กรุงเทพมหานคร/ Bangkok | T10: =IF('ข้อมูลจังหวัด-อำเภอ'!D9="","",'ข้อมูลจังหวัด-อำเภอ'!D9) -> คลองเตย/ Khlong Toei | U10: =IFERROR(VLOOKUP(D10,ข้อมูลออเดอร์!A:EK,46,0),"") -> 10110 | V10: =IFERROR(VLOOKUP(D10,ข้อมูลออเดอร์!A:EK,46,0),"") -> 10110 | W10: =IFERROR(VLOOKUP(D10,ข้อมูลออเดอร์!A:EK,48,0),"") -> เลขที่ 88 อาคารเดอะ ปาร์ค ห้องเลขที่ 5E02-5E09 ชั้นที่ 5 ฝั่ง East Wing ถนนรัชดาภิเษก แขวงคลองเตย เขตคลองเตย กรุงเทพมหานคร | X10: =IF(D10="","","COD") -> COD | AA10: =SUMIF(W:W,W10,AE:AE)+0.2 -> 2.7 | AE10: =IF(ข้อมูลน้ำหนักสินค้า!C9="","",ข้อมูลน้ำหนักสินค้า!C9)*J10 -> 1.3
A11: =IF(D11="","","EastlyncOffline") -> EastlyncOffline | B11: =IF(D11="","","OFFLINE") -> OFFLINE | C11: =IF(D11="","","SALE") -> SALE | D11: =IF(ข้อมูลออเดอร์!A10="","",ข้อมูลออเดอร์!A10) -> KOO26092200120 | E11: =IFERROR(IF(VLOOKUP(D11,ข้อมูลออเดอร์!A:BV,74,0)="Express delivery","NORMAL",IF(VLOOKUP(D11,ข้อมูลออเดอร์!A:BV,74,0)="Lalamove","B2B_OFFLINE","")),"") -> NORMAL | F11: =IF(D11="","","EXPRESS") -> EXPRESS | G11: =IF(ข้อมูลออเดอร์!CV10="","",ข้อมูลออเดอร์!CV10) -> SKINTIFIC-492001 | H11: =IF(ข้อมูลออเดอร์!CW10="","",ข้อมูลออเดอร์!CW10) -> 4897147695994 | I11: =IF(ข้อมูลออเดอร์!CV10="","",ข้อมูลออเดอร์!CV10) -> SKINTIFIC-492001 | J11: =IF(ข้อมูลออเดอร์!DD10="","",ข้อมูลออเดอร์!DD10) -> 1 | K11: =IF(D11="","",0) -> 0 | L11: =IF(D11="","",0) -> 0 | M11: =IF(D11="","",NOW()) -> 46287.448 | N11: =IF(D11="","",NOW()) -> 46287.448 | O11: =IFERROR(VLOOKUP(D11,ข้อมูลออเดอร์!A:EK,49,0),"") -> ธนพร ภัครังสิสกุล | P11: =IF(D11="","",ข้อมูลออเดอร์!AX10) -> 0918851584 | Q11: =IF(D11="","",ข้อมูลออเดอร์!AX10) -> 0918851584 | R11: =IF(D11="","","TH") -> TH | S11: =IF('ข้อมูลจังหวัด-อำเภอ'!C10="","",'ข้อมูลจังหวัด-อำเภอ'!C10) -> กรุงเทพมหานคร/ Bangkok | T11: =IF('ข้อมูลจังหวัด-อำเภอ'!D10="","",'ข้อมูลจังหวัด-อำเภอ'!D10) -> คันนายาว/ Khan Na Yao | U11: =IFERROR(VLOOKUP(D11,ข้อมูลออเดอร์!A:EK,46,0),"") -> 10230 | V11: =IFERROR(VLOOKUP(D11,ข้อมูลออเดอร์!A:EK,46,0),"") -> 10230 | W11: =IFERROR(VLOOKUP(D11,ข้อมูลออเดอร์!A:EK,48,0),"") -> 98/26 Blossom Condo Fashion ตึก Altitude ถ.รัชดา-รามอินทรา | X11: =IF(D11="","","COD") -> COD | AA11: =SUMIF(W:W,W11,AE:AE)+0.2 -> 0.4 | AE11: =IF(ข้อมูลน้ำหนักสินค้า!C10="","",ข้อมูลน้ำหนักสินค้า!C10)*J11 -> 0.1
A12: =IF(D12="","","EastlyncOffline") -> EastlyncOffline | B12: =IF(D12="","","OFFLINE") -> OFFLINE | C12: =IF(D12="","","SALE") -> SALE | D12: =IF(ข้อมูลออเดอร์!A11="","",ข้อมูลออเดอร์!A11) -> KOO26092200120 | E12: =IFERROR(IF(VLOOKUP(D12,ข้อมูลออเดอร์!A:BV,74,0)="Express delivery","NORMAL",IF(VLOOKUP(D12,ข้อมูลออเดอร์!A:BV,74,0)="Lalamove","B2B_OFFLINE","")),"") -> NORMAL | F12: =IF(D12="","","EXPRESS") -> EXPRESS | G12: =IF(ข้อมูลออเดอร์!CV11="","",ข้อมูลออเดอร์!CV11) -> SKINTIFIC-492003 | H12: =IF(ข้อมูลออเดอร์!CW11="","",ข้อมูลออเดอร์!CW11) -> 4897147696014 | I12: =IF(ข้อมูลออเดอร์!CV11="","",ข้อมูลออเดอร์!CV11) -> SKINTIFIC-492003 | J12: =IF(ข้อมูลออเดอร์!DD11="","",ข้อมูลออเดอร์!DD11) -> 1 | K12: =IF(D12="","",0) -> 0 | L12: =IF(D12="","",0) -> 0 | M12: =IF(D12="","",NOW()) -> 46287.448 | N12: =IF(D12="","",NOW()) -> 46287.448 | O12: =IFERROR(VLOOKUP(D12,ข้อมูลออเดอร์!A:EK,49,0),"") -> ธนพร ภัครังสิสกุล | P12: =IF(D12="","",ข้อมูลออเดอร์!AX11) -> 0918851584 | Q12: =IF(D12="","",ข้อมูลออเดอร์!AX11) -> 0918851584 | R12: =IF(D12="","","TH") -> TH | S12: =IF('ข้อมูลจังหวัด-อำเภอ'!C11="","",'ข้อมูลจังหวัด-อำเภอ'!C11) -> กรุงเทพมหานคร/ Bangkok | T12: =IF('ข้อมูลจังหวัด-อำเภอ'!D11="","",'ข้อมูลจังหวัด-อำเภอ'!D11) -> คันนายาว/ Khan Na Yao | U12: =IFERROR(VLOOKUP(D12,ข้อมูลออเดอร์!A:EK,46,0),"") -> 10230 | V12: =IFERROR(VLOOKUP(D12,ข้อมูลออเดอร์!A:EK,46,0),"") -> 10230 | W12: =IFERROR(VLOOKUP(D12,ข้อมูลออเดอร์!A:EK,48,0),"") -> 98/26 Blossom Condo Fashion ตึก Altitude ถ.รัชดา-รามอินทรา | X12: =IF(D12="","","COD") -> COD | AA12: =SUMIF(W:W,W12,AE:AE)+0.2 -> 0.4 | AE12: =IF(ข้อมูลน้ำหนักสินค้า!C11="","",ข้อมูลน้ำหนักสินค้า!C11)*J12 -> 0.1
A13: =IF(D13="","","EastlyncOffline") -> EastlyncOffline | B13: =IF(D13="","","OFFLINE") -> OFFLINE | C13: =IF(D13="","","SALE") -> SALE | D13: =IF(ข้อมูลออเดอร์!A12="","",ข้อมูลออเดอร์!A12) -> KOO26092200121 | E13: =IFERROR(IF(VLOOKUP(D13,ข้อมูลออเดอร์!A:BV,74,0)="Express delivery","NORMAL",IF(VLOOKUP(D13,ข้อมูลออเดอร์!A:BV,74,0)="Lalamove","B2B_OFFLINE","")),"") -> NORMAL | F13: =IF(D13="","","EXPRESS") -> EXPRESS | G13: =IF(ข้อมูลออเดอร์!CV12="","",ข้อมูลออเดอร์!CV12) -> SKINTIFIC-351 | H13: =IF(ข้อมูลออเดอร์!CW12="","",ข้อมูลออเดอร์!CW12) -> 4897147691323 | I13: =IF(ข้อมูลออเดอร์!CV12="","",ข้อมูลออเดอร์!CV12) -> SKINTIFIC-351 | J13: =IF(ข้อมูลออเดอร์!DD12="","",ข้อมูลออเดอร์!DD12) -> 2 | K13: =IF(D13="","",0) -> 0 | L13: =IF(D13="","",0) -> 0 | M13: =IF(D13="","",NOW()) -> 46287.448 | N13: =IF(D13="","",NOW()) -> 46287.448 | O13: =IFERROR(VLOOKUP(D13,ข้อมูลออเดอร์!A:EK,49,0),"") -> Fluke Kunyada | P13: =IF(D13="","",ข้อมูลออเดอร์!AX12) -> 0870122635 | Q13: =IF(D13="","",ข้อมูลออเดอร์!AX12) -> 0870122635 | R13: =IF(D13="","","TH") -> TH | S13: =IF('ข้อมูลจังหวัด-อำเภอ'!C12="","",'ข้อมูลจังหวัด-อำเภอ'!C12) -> กรุงเทพมหานคร/ Bangkok | T13: =IF('ข้อมูลจังหวัด-อำเภอ'!D12="","",'ข้อมูลจังหวัด-อำเภอ'!D12) -> จตุจักร/ Chatuchak | U13: =IFERROR(VLOOKUP(D13,ข้อมูลออเดอร์!A:EK,46,0),"") -> 10900 | V13: =IFERROR(VLOOKUP(D13,ข้อมูลออเดอร์!A:EK,46,0),"") -> 10900 | W13: =IFERROR(VLOOKUP(D13,ข้อมูลออเดอร์!A:EK,48,0),"") -> Fluke Kunyada 252/125 Vantage condominium ratchada road Ladyao Chatuchak BKK 10900 Thailand | X13: =IF(D13="","","COD") -> COD | AA13: =SUMIF(W:W,W13,AE:AE)+0.2 -> 0.202 | AE13: =IF(ข้อมูลน้ำหนักสินค้า!C12="","",ข้อมูลน้ำหนักสินค้า!C12)*J13 -> 0.002
A14: =IF(D14="","","EastlyncOffline") -> EastlyncOffline | B14: =IF(D14="","","OFFLINE") -> OFFLINE | C14: =IF(D14="","","SALE") -> SALE | D14: =IF(ข้อมูลออเดอร์!A13="","",ข้อมูลออเดอร์!A13) -> KOO26092200122 | E14: =IFERROR(IF(VLOOKUP(D14,ข้อมูลออเดอร์!A:BV,74,0)="Express delivery","NORMAL",IF(VLOOKUP(D14,ข้อมูลออเดอร์!A:BV,74,0)="Lalamove","B2B_OFFLINE","")),"") -> NORMAL | F14: =IF(D14="","","EXPRESS") -> EXPRESS | G14: =IF(ข้อมูลออเดอร์!CV13="","",ข้อมูลออเดอร์!CV13) -> SKINTIFIC-170 | H14: =IF(ข้อมูลออเดอร์!CW13="","",ข้อมูลออเดอร์!CW13) -> 810114872833 | I14: =IF(ข้อมูลออเดอร์!CV13="","",ข้อมูลออเดอร์!CV13) -> SKINTIFIC-170 | J14: =IF(ข้อมูลออเดอร์!DD13="","",ข้อมูลออเดอร์!DD13) -> 1 | K14: =IF(D14="","",0) -> 0 | L14: =IF(D14="","",0) -> 0 | M14: =IF(D14="","",NOW()) -> 46287.448 | N14: =IF(D14="","",NOW()) -> 46287.448 | O14: =IFERROR(VLOOKUP(D14,ข้อมูลออเดอร์!A:EK,49,0),"") -> ณัฏฐธิดา รื่นนุสาน | P14: =IF(D14="","",ข้อมูลออเดอร์!AX13) -> 0988287633 | Q14: =IF(D14="","",ข้อมูลออเดอร์!AX13) -> 0988287633 | R14: =IF(D14="","","TH") -> TH | S14: =IF('ข้อมูลจังหวัด-อำเภอ'!C13="","",'ข้อมูลจังหวัด-อำเภอ'!C13) -> ปทุมธานี/ Pathum Thani | T14: =IF('ข้อมูลจังหวัด-อำเภอ'!D13="","",'ข้อมูลจังหวัด-อำเภอ'!D13) -> ธัญบุรี/ Thanyaburi | U14: =IFERROR(VLOOKUP(D14,ข้อมูลออเดอร์!A:EK,46,0),"") -> 12130 | V14: =IFERROR(VLOOKUP(D14,ข้อมูลออเดอร์!A:EK,46,0),"") -> 12130 | W14: =IFERROR(VLOOKUP(D14,ข้อมูลออเดอร์!A:EK,48,0),"") -> ณัฏฐธิดา รื่นนุสานห้อง509 เลขที่บ้าน Sanaar Living 31 ซอยพหลโยธิน 87 ซอย 6 ตำบลประชาธิปัตย์ อำเภอธัญบุรี จังหวัดปทุมธานี 12130 โทร0988287633ค่ะ | X14: =IF(D14="","","COD") -> COD | AA14: =SUMIF(W:W,W14,AE:AE)+0.2 -> 0.367 | AE14: =IF(ข้อมูลน้ำหนักสินค้า!C13="","",ข้อมูลน้ำหนักสินค้า!C13)*J14 -> 0.167
... A2016: =IF(D2016="","","EastlyncOffline") | B2016: =IF(D2016="","","OFFLINE") | C2016: =IF(D2016="","","SALE") | D2016: =IF(ข้อมูลออเดอร์!A2015="","",ข้อมูลออเดอร์!A2015) | E2016: =IFERROR(IF(VLOOKUP(D2016,ข้อมูลออเดอร์!A:BV,74,0)="Express delivery","NORMAL",IF(VLOOKUP(D2016,ข้อมูลออเดอร์!A:BV,74,0)="Lalamove","B2B_OFFLINE","")),"") | F2016: =IF(D2016="","","EXPRESS") | G2016: =IF(ข้อมูลออเดอร์!CV2015="","",ข้อมูลออเดอร์!CV2015) | H2016: =IF(ข้อมูลออเดอร์!CW2015="","",ข้อมูลออเดอร์!CW2015) | I2016: =IF(ข้อมูลออเดอร์!CV2015="","",ข้อมูลออเดอร์!CV2015) | J2016: =IF(ข้อมูลออเดอร์!DD2015="","",ข้อมูลออเดอร์!DD2015) | K2016: =IF(D2016="","",0) | L2016: =IF(D2016="","",0) | M2016: =IF(D2016="","",NOW()) | N2016: =IF(D2016="","",NOW()) | O2016: =IFERROR(VLOOKUP(D2016,ข้อมูลออเดอร์!A:EK,49,0),"") | P2016: =IF(D2016="","",ข้อมูลออเดอร์!AX2015) | Q2016: =IF(D2016="","",ข้อมูลออเดอร์!AX2015) | R2016: =IF(D2016="","","TH") | S2016: =IF('ข้อมูลจังหวัด-อำเภอ'!C2015="","",'ข้อมูลจังหวัด-อำเภอ'!C2015) | T2016: =IF('ข้อมูลจังหวัด-อำเภอ'!D2015="","",'ข้อมูลจังหวัด-อำเภอ'!D2015) | U2016: =IFERROR(VLOOKUP(D2016,ข้อมูลออเดอร์!A:EK,46,0),"") | V2016: =IFERROR(VLOOKUP(D2016,ข้อมูลออเดอร์!A:EK,46,0),"") | W2016: =IFERROR(VLOOKUP(D2016,ข้อมูลออเดอร์!A:EK,48,0),"") | X2016: =IF(D2016="","","COD") | AA2016: =SUMIF(W:W,W2016,AE:AE)+0.2 -> #N/A | AE2016: =IF(ข้อมูลน้ำหนักสินค้า!C2015="","",ข้อมูลน้ำหนักสินค้า!C2015)*J2016 -> #VALUE!

Sheet ข้อมูล tracking no.
A1: Delivery Order No. | B1: OMS Order No. | C1: Logistics Company | D1: Express Tracking No. | E1: Shop | F1: Recipient | G1: Recipient Address | H1: Shipping Remark | I1: Payment Amount/Method | J1: Order Quantity | K1: Order Time | L1: Payment Time | M1: Confirmation Time | N1: Shipping Time | O1: Delivery Order Status
B2: FO2609211542EIhN3 | C2: KOO26092100160 | D2: J&T_TH | E2: 864867724954 | F2: EastlyncOffline | G2: ปัฐมาพร สมพงษ์ | H2: 72/226 ม.7 ต.ลาดสวาย อ.ลำลูกกา จ.ปทุมธานี 12150 12150 ลำลูกกา/ Lam Luk Ka ปทุมธานี/ Pathum Thani 12150 | J2: null/COD | K2: 4 | L2: 46286.655 | M2: 46286.655 | N2: 46286.655 | P2: Warehouse Accepted
B4: FO2609211542lS3bL | C4: KOO26092100161 | D4: J&T_TH | E4: 864866517141 | F4: EastlyncOffline | G4: K. จูน | H4: 299/131 สุขุมวิทลีฟวิ่งทาวน์ ถ.สุขุมวิท21 10110 วัฒนา/ Vadhana กรุงเทพมหานคร/ Bangkok 10110 | J4: null/COD | K4: 1 | L4: 46286.655 | M4: 46286.655 | N4: 46286.655 | P4: Warehouse Accepted
B6: FO26092115428HDqD | C6: KOO26092100151 | D6: J&T_TH | E6: 864865960556 | F6: EastlyncOffline | G6: K.พลอย | H6: 37/63 พฤกษาวิลเลจ35 ต.คลองสาม อ.คลองหลวง จ.ปทุมธานี 12120 12120 คลองหลวง/ Khlong Luang ปทุมธานี/ Pathum Thani 12120 | J6: null/COD | K6: 22 | L6: 46286.655 | M6: 46286.655 | N6: 46286.655 | P6: Warehouse Accepted
B8: FO2609211542AzrPh | C8: KOO26092100162 | D8: J&T_TH | E8: 864869185025 | F8: EastlyncOffline | G8: ภวัต (ธาราเรสซิเดนซ์) | H8: 728/1 ซอยจรัญ 19 (ริมคลองมอญ) ถนนจรัญสนิทวงศ์ 10700 บางกอกน้อย/ Bangkok Noi กรุงเทพมหานคร/ Bangkok 10700 | J8: null/COD | K8: 3 | L8: 46286.655 | M8: 46286.655 | N8: 46286.655 | P8: Warehouse Accepted
B10: FO2609211542Ns8hg | C10: KOO26092100152 | D10: J&T_TH | E10: 864868882426 | F10: EastlyncOffline | G10: K.karnpichcha | H10: 89/299 ดีคอนโด แคมปัส โดม-รังสิต เฟส 1 หมู่ 17 ถนนเชียงราก 12120 คลองหลวง/ Khlong Luang ปทุมธานี/ Pathum Thani 12120 | J10: null/COD | K10: 1 | L10: 46286.655 | M10: 46286.655 | N10: 46286.655 | P10: Warehouse Accepted
B12: FO2609211542yBpIT | C12: KOO26092100163 | D12: J&T_TH | E12: 864869738810 | F12: EastlyncOffline | G12: จีรพัฒน์ ดอนจอมไพร | H12: 61/2 หมู่5 65000 เมืองพิษณุโลก/ Mueang Phitsanulok พิษณุโลก/ Phitsanulok 65000 | J12: null/COD | K12: 3 | L12: 46286.655 | M12: 46286.655 | N12: 46286.655 | P12: Warehouse Accepted
B14: FO2609211542rbXey | C14: KOO26092100157 | D14: J&T_TH | E14: 864869202326 | F14: EastlyncOffline | G14: คุณโมจิ | H14: ร้านไอทีซิตี้ บิ๊กซี ซูเปอร์เซ็นเตอร์ สาขาลำปาง ชั้น 1 52100 เมืองลำปาง/ Mueang Lampang ลำปาง/ Lampang 52100 | J14: null/COD | K14: 3 | L14: 46286.655 | M14: 46286.655 | N14: 46286.655 | P14: Warehouse Accepted
B16: FO26092115420gPOE | C16: KOO26092100158 | D16: J&T_TH | E16: 864866671933 | F16: EastlyncOffline | G16: บี อถิญญา | H16: 48 บุญชูศรี แกรนด์ แมนชั่น ห้อง 906 ชั้น9 ซอยบุญชูศรี ถนนอโศกดินแดง 10400 พญาไท/ Phaya Thai กรุงเทพมหานคร/ Bangkok 10400 | J16: null/COD | K16: 5 | L16: 46286.655 | M16: 46286.655 | N16: 46286.655 | P16: Warehouse Accepted
B18: FO2609211542Vtb6j | C18: KOO26092100159 | D18: J&T_TH | E18: 864869456161 | F18: EastlyncOffline | G18: ลิน พงศ์นฤทธิ์ โถดี | H18: 5/16 หมู่18 หมู่บ้านถาพร 12150 ลำลูกกา/ Lam Luk Ka ปทุมธานี/ Pathum Thani 12150 | J18: null/COD | K18: 1 | L18: 46286.655 | M18: 46286.655 | N18: 46286.655 | P18: Warehouse Accepted
B20: FO2609211542pf2NV | C20: KOO26092100153 | D20: J&T_TH | E20: 864866648796 | F20: EastlyncOffline | G20: รัฐนันท์ | H20: 89/482 พลัมคอนโด พาร์ค รังสิต เฟส 1 ถนน พหลโยธิน 12120 คลองหลวง/ Khlong Luang ปทุมธานี/ Pathum Thani 12120 | J20: null/COD | K20: 1 | L20: 46286.655 | M20: 46286.655 | N20: 46286.655 | P20: Warehouse Accepted
B22: FO2609211542xGP7m | C22: KOO26092100164 | D22: J&T_TH | E22: 864869694183 | F22: EastlyncOffline | G22: ณกรณ์ ชื่นโกมล | H22: 477 หมู่บ้านไทม์โฮม ซอย อ่อนนุช40, เขตสวนหลวง กรุงเทพ 10250 10250 สวนหลวง/ Suan Luang กรุงเทพมหานคร/ Bangkok 10250 | J22: null/COD | K22: 1 | L22: 46286.655 | M22: 46286.655 | N22: 46286.655 | P22: Warehouse Accepted
B24: FO2609211542svLcQ | C24: KOO26092100154 | D24: J&T_TH | E24: 864866614043 | F24: EastlyncOffline | G24: อรอุมา ไชมี | H24: บ้านเลขที่26 หมู่4 บ.ทุ่งมะกรูด ต.ดอนชะเอม 71130 ท่ามะกา/ Tha Maka กาญจนบุรี/ Kanchanaburi 71130 | J24: null/COD | K24: 5 | L24: 46286.655 | M24: 46286.655 | N24: 46286.655 | P24: Warehouse Accepted
... B30: FO2609211542XFvtl | C30: KOO26092100166 | D30: J&T_TH | E30: 864868549031 | F30: EastlyncOffline | G30: Mark | H30: Mark (0909309399) The excel อุดมสุข, เลขที่ 10/2, ซอย อุดมสุข 29, แขวงบางจาก, เขตพระโขนง แขวงบางจาก เขตพระโขนง จังหวัดกรุงเทพมหานคร 10260 10260 พระโขนง/ Prakhanogn กรุงเทพมหานคร/ Bangkok 10260 | J30: null/COD | K30: 4 | L30: 46286.655 | M30: 46286.655 | N30: 46286.655 | P30: Warehouse Accepted
B32: FO2609211542civ4z | C32: KOO26092100156 | D32: J&T_TH | E32: 864869922825 | F32: EastlyncOffline | G32: ธิดารัตน์ ศรีวิชัยมูล | H32: 469 ม.3 ห้องที่4 ต.ท่าวังทอง อ.

Sheet ไฟล์ import tracking no.
A1: warehouse_code | B1: owner_code | C1: erp_order_code | D1: express_company | E1: express_code | F1: date_planned
A2: 仓库编码 | B2: 货主编码 | C2: ERP订单号 | D2: 快递公司编码 | E2: 面单号 | F2: 预期到货时间
A3: =IF(C3="","","TH01") -> TH01 | B3: =IF(C3="","","B2C") -> B2C | C3: {=_xlfn.UNIQUE(_xlfn._xlws.FILTER('ไฟล์อัพโหลด KOL ระบบเก่า'!D3:D10000,'ไฟล์อัพโหลด KOL ระบบเก่า'!D3:D10000<>""))} -> KOO26092200116 | D3: =IF(C3="","","J&T") -> J&T | E3: =IFERROR(VLOOKUP(C3,'ข้อมูล tracking no.'!C:E,3,0),"")
A4: =IF(C4="","","TH01") -> TH01 | B4: =IF(C4="","","B2C") -> B2C | C4: KOO26092200117 | D4: =IF(C4="","","J&T") -> J&T | E4: =IFERROR(VLOOKUP(C4,'ข้อมูล tracking no.'!C:E,3,0),"")
A5: =IF(C5="","","TH01") -> TH01 | B5: =IF(C5="","","B2C") -> B2C | C5: KOO26092200118 | D5: =IF(C5="","","J&T") -> J&T | E5: =IFERROR(VLOOKUP(C5,'ข้อมูล tracking no.'!C:E,3,0),"")
